<?xml version="1.0" encoding="UTF-8"?>
    <addon id="repository.tantrumtv" name="Tantrum.TV Repository" version="1.0.0" provider-name="MuadDib">
        <requires>
            <import addon="xbmc.addon" version="12.0.0"/>
        </requires>
        <extension point="xbmc.addon.repository" name="Tantrum.TV Repository">
            <info compressed="false">http://repo.tantrumtv.com/_repo/addons.xml</info>
            <checksum>http://repo.tantrumtv.com/_repo/addons.xml.md5</checksum>
            <datadir zip="true">http://repo.tantrumtv.com/_repo/</datadir>
            <hashes>false</hashes>
        </extension>
        <extension point="xbmc.addon.metadata">
            <summary>Tantrum.TV Offical Repository</summary>
            <description>Tantrum.TV Offical Repository</description>
            <platform>all</platform>
    </extension>
</addon>