<?xml version="1.0" encoding="UTF-8" standalone="no"?>
<addon id="plugin.video.alltube"
  version="1.1.60"
  name=".[COLOR yellow]All[/COLOR].[COLOR red]Tube[/COLOR]"
  provider-name="detoyy">
  <requires>
   <import addon="script.module.urlresolver"  version="1.0.0"/>
		
   <import addon="script.module.metahandler"  version="1.0.0"/>
 
   <import addon="script.module.beautifulsoup4" version="4.3.1"/>
   <import addon="script.module.requests" version="1.1.0"/>   </requires>

  </requires>
  <extension 
    point="xbmc.python.pluginsource"
    library="default.py">
   <provides>video</provides>
  </extension>
  <extension point="xbmc.addon.metadata">
    <summary>Alltube.tv video plugin</summary>
    <description>Plugin that lets you browse and play videos from alltube.tv</description>
    <disclaimer>The author does not host or distribute any of the content displayed by this addon. The author does not have any affiliation with the content provider.</disclaimer>
    <platform>all</platform>
  </extension>
</addon>
