<?xml version="1.0" encoding="UTF-8" standalone="yes"?>
<addon id="repository.qwer" name="[I][COLOR=red]QWER[/COLOR][/I] Repository" provider-name="QWER" version="0.0.1">
  <extension point="xbmc.addon.repository">
    <info>https://raw.githubusercontent.com/meserak86/QWERX/master/addons.xml</info>
    <checksum>https://raw.githubusercontent.com/meserak86/QWERX/master/addons.xml</checksum>
    <datadir zip="true">https://raw.githubusercontent.com/meserak86/QWERX/master/qwer</datadir>
  </extension>
</addon>
