<?xml version="1.0" encoding="UTF-8"?>
<addon id="repository.projectd" name="[COLOR red]Project D Repository[/COLOR]" version="1.0.3" provider-name="PD Sports">
<extension point="xbmc.addon.repository" name="[COLOR red]Project D Repository[/COLOR]">
		<info compressed="false">http://www.projectdaddon.com/plugins/addons.xml</info>
		<checksum>http://www.projectdaddon.com/plugins/addons.xml.md5</checksum>
		<datadir zip="true">http://www.projectdaddon.com/plugins/</datadir>
	</extension>
	<extension point="xbmc.addon.metadata">
		<summary>The Official Project D - PD Sports Repository 1.0.3!</summary>
		<description>Project D - PD Sports Repository 1.0.3!</description>
		<platform>all</platform>
	</extension>
</addon>