<?xml version="1.0" encoding="UTF-8"?>
<map id="base" version="1.0" strm="">
	<channel id="1 HD" 										title="(?=1(\s*TV)?(\s*HD)?$)" strm=""/>
	<channel id="13 Ulica" 									title="(?=13(th)?\s*(Ulica|STREET)(\s*TV)?(\s*HD)?$)" strm=""/>
	<channel id="4 Fun Dance"								title="(?=4\s*Fun(\s*Fit)?\s*(and|&amp;)?\s*Dance(\s*TV)?(\s*HD)?$)" strm=""/>
	<channel id="4fun Hits" 								title="(?=4\s*Fun\s*hits(\s*TV)?(\s*HD)?$)" strm=""/>
	<channel id="4fun TV" 									title="(?=4\s*FUN[\s.]*(\s*TV)?(\s*HD)?$)" strm=""/>
	<channel id="4music" 									title="(?=4\s*music(\s*TV)?(\s*HD)?$)" strm=""/>
	<channel id="Active Family"								title="(?=Active\s*Family(\s*TV)?(\s*HD)?$)" strm=""/>
	<channel id="Adventure"									title="(?=Adventure(\s*TV)?(\s*HD)?$)" strm=""/>
	<channel id="Ale Kino+" 								title="(?=Ale\s*Kino\s*(\+|PLUS)?(\s*TV)?(\s*HD)?$)" strm=""/>
	<channel id="Amazing"									title="(?=Amazing(\s*TV)?(\s*HD)?$)" strm=""/>
	<channel id="AMC" 										title="(?=AMC(\s*TV)?(\s*HD)?$)" strm=""/>
	<channel id="Animal Planet" 							title="(?=Animal(\s*Planet)?(\s*TV)?(\s*HD)?$)" strm=""/>
	<channel id="ASTA TV" 									title="(?=(TV\s*)?ASTA(\s*TV)?(\s*HD)?$)" strm=""/>
	<channel id="ATM Rozrywka"								title="(?=(ATM)?\s*ROZRYWKA(\s*TV)?(\s*HD)?$)" strm=""/>
	<channel id="Atomic"									title="(?=Atomic(\s*TV)?(\s*HD)?$)" strm=""/>
	<channel id="AXN Black" 								title="(?=AXN\s*Black(\s*TV)?(\s*HD)?$)" strm=""/>
	<channel id="AXN Spin" 									title="(?=AXN\s*Spin(\s*TV)?(\s*HD)?$)" strm=""/>
	<channel id="AXN White" 								title="(?=AXN\s*White(\s*TV)?(\s*HD)?$)" strm=""/>
	<channel id="AXN" 										title="(?=AXN(\s*TV)?(\s*HD)?$)" strm=""/>
	<channel id="Baby TV" 									title="(?=Baby(\s*TV)?(\s*HD)?$)" strm=""/>
	<channel id="BBC Brit" 									title="(?=BBC\s*Brit(\s*TV)?(\s*HD)?$)" strm=""/>
	<channel id="BBC CBeebies" 								title="(?=(BBC\s*)?CBeebies(\s*TV)?(\s*HD)?$)" strm=""/>
	<channel id="BBC Earth" 								title="(?=BBC\s*Earth(\s*TV)?(\s*HD)?$)" strm=""/>
	<channel id="BBC Lifestyle" 							title="(?=BBC\s*Lifestyle(\s*TV)?(\s*HD)?$)" strm=""/>
	<channel id="BBC World News"							title="(?=BBC\s*(World|Word)\s*News(\s*TV)?(\s*HD)?$)" strm=""/>
	<channel id="BBC World" 								title="(?=BBC\s*World(\s*TV)?(\s*HD)?$)" strm=""/>
	<channel id="BBC" 										title="(?=BBC(\s*TV)?(\s*HD)?$)" strm=""/>
	<channel id="Boomerang" 								title="(?=Boomerang(\s*TV)?(\s*HD)?$)" strm=""/>
	<channel id="Camido" 									title="(?=Camido(\s*TV)?(\s*HD)?$)" strm=""/>
	<channel id="Canal+ Discovery" 							title="(?=(Canal|C)\s*(\+|PLUS)?\s*Discovery(\s*TV)?(\s*HD)?$)" strm=""/>
	<channel id="Canal+ Family" 							title="(?=(Canal|C)\s*(\+|PLUS)?\s*Family(\s*TV)?(\s*HD)?$)" strm=""/>
	<channel id="Canal+ Film" 								title="(?=(Canal|C)\s*(\+|PLUS)?\s*Film(\s*TV)?(\s*HD)?$)" strm=""/>
	<channel id="Canal+ Now" 								title="(?=(Canal|C)\s*(\+|PLUS)?\s*Now(\s*TV)?(\s*HD)?$)" strm=""/>
	<channel id="Canal+ Seriale" 							title="(?=(Canal|C)\s*(\+|PLUS)?\s*Seriale(\s*TV)?(\s*HD)?$)" strm=""/>
	<channel id="Canal+ Sport 2" 							title="(?=(Canal|C)\s*(\+|PLUS)?\s*SPORT\s*2(\s*TV)?(\s*HD)?$)" strm=""/>
	<channel id="Canal+ Sport" 								title="(?=(CANAL|C)\s*(\+|PLUS)?\s*SPORT(\s*1)?(\s*TV)?(\s*HD)?$)" strm=""/>
	<channel id="Canal+" 									title="(?=(Canal|C)\s*(\+|PLUS)?(\s*TV)?(\s*HD)?$)" strm=""/>
	<channel id="Canal+1" 									title="(?=(Canal|C)\s*(\+|PLUS)?\s*1(\s*TV)?(\s*HD)?$)" strm=""/>
	<channel id="Cartoon Network" 							title="(?=Carto(o)?n(\s*Network)?(\s*TV)?(\s*HD)?$)" strm=""/>
	<channel id="CBS Action" 								title="(?=CBS\s*Action(\s*TV)?(\s*HD)?$)" strm=""/>
	<channel id="CBS Europa" 								title="(?=CBS\s*Europa(\s*TV)?(\s*HD)?$)" strm=""/>
	<channel id="CBS REALITY DRAMA"							title="(?=CBS(\s*Reality)?\s*DRAMA(\s*TV)?(\s*HD)?$)" strm=""/>
	<channel id="CBS REALITY POLSKA"						title="(?=CBS\s*Reality(\s*Polska)?(\s*TV)?(\s*HD)?$)" strm=""/>
	<channel id="Cinemax 2" 								title="(?=Cinemax\s*2(\s*TV)?(\s*HD)?$)" strm=""/>
	<channel id="Cinemax" 									title="(?=Cinemax(\s*1)?(\s*TV)?(\s*HD)?$)" strm=""/>
	<channel id="CNBC"										title="(?=CNBC(\s*TV)?(\s*HD)?$)" strm=""/>
	<channel id="CNN"										title="(?=CNN(\s*TV)?(\s*HD)?$)" strm=""/>
	<channel id="Comedy Central Family" 					title="(?=(Comedy\s*Central|CC)\s*Family(\s*TV)?(\s*HD)?$)" strm=""/>
	<channel id="Comedy Central" 							title="(?=(Comedy\s*(Central|CENTERAL|Center)?|CC)(\s*TV)?(\s*HD)?$)" strm=""/>	
	<channel id="CT SPORT" 									title="(?=CT\s*SPORT(\s*TV)?(\s*HD)?$)" strm=""/>
	<channel id="CW24 TV" 									title="(?=CW24(\s*TV)?(\s*HD)?$)" strm=""/>
	<channel id="CZWORKA POLSKIE RADIO"						title="(?=CZW.*RKA\s*POLSKIE\s*RADIO(\s*LIVE)?(\s*TV)?(\s*HD)?$)" strm=""/>
	<channel id="Da Vinci Learning" 						title="(?=DA\s*VINCI(\s*LEARNING)?(\s*TV)?(\s*HD)?$)" strm=""/>
	<channel id="Disco Polo Music" 							title="(?=Disco\s*Polo(\s*Music)?(\s*TV)?(\s*HD)?$)" strm=""/>
	<channel id="Discovery Channel" 						title="(?=Discovery(\s*Channel)?(\s*HD)?(\s*HD)?(\s*Showcase)?(\s*HD)?$)" strm=""/>
	<channel id="Discovery Historia" 						title="(?=Discovery\s*(Historia|HISTORY)(\s*TV)?(\s*HD)?$)" strm=""/>
	<channel id="Discovery Life" 							title="(?=Discovery\s*Life(\s*TV)?(\s*HD)?$)" strm=""/>
	<channel id="Discovery Science" 						title="(?=Discovery\s*Science(\s*TV)?(\s*HD)?$)" strm=""/>
	<channel id="DTX" 										title="(?=((Discover(y)?)?\s*Turbo\s*(Xtra|EXTRA|EX)|DTX|Xtra)(\s*TV)?(\s*HD)?$)" strm=""/>
	<channel id="Disney Channel" 							title="(?=DISNEY((\s*|-)(CHANNEL|Polska))?(\s*TV)?(\s*HD)?$)" strm=""/>
	<channel id="Disney Junior" 							title="(?=DISNEY\s*Junior(\s*TV)?(\s*HD)?$)" strm=""/>
	<channel id="Disney XD" 								title="(?=DISNEY\s*XD(\s*TV)?(\s*HD)?$)" strm=""/>
	<channel id="DLA CIEBIE" 								title="(?=DLA\s*CIEBIE(\s*TV)?(\s*HD)?$)" strm=""/>
	<channel id="DOCUBOX"									title="(?=Docu\s*Box(\s*TV)?(\s*HD)?$)" strm=""/>
	<channel id="Domo+" 									title="(?=DOMO\s*(\+|PLUS)?(\s*HD)?$)" strm=""/>
	<channel id="Duck TV" 									title="(?=Duck(\s*TV)?(\s*HD)?$)" strm=""/>
	<channel id="ECHO 24" 									title="(?=ECHO\s*24(\s*TV)?(\s*HD)?$)" strm=""/>
	<channel id="E! Entertainment"							title="(?=E(!)?(\s*Entertainment)?(\s*TV)?(\s*HD)?$)" strm=""/>
	<channel id="Eleven Sports 1" 							title="(?=(Eleven|11)(\s*Sport(s)?)?(\s*1)?(\s*TV)?(\s*HD)?$)" strm=""/><!--"|E" nie jest konieczne, spowoduje jedynie wyświetlenie kanału E! Entertainment. Poprawka sprawdzona działa na wszystkich serwisach.-->
	<channel id="Eleven Sports 2" 							title="(?=(Eleven|11|E)\s*Sport(s)?(\s*2)(\s*TV)?(\s*HD)?$)" strm=""/>
	<channel id="Eleven Sports 3" 							title="(?=(Eleven|11|E)\s*(Sport(s)?(\s*3)|Extra)(\s*TV)?(\s*HD)?$)" strm=""/>
	<channel id="Eleven Sports 4" 							title="(?=(Eleven|11|E)\s*Sport(s)?(\s*4)(\s*TV)?(\s*HD)?$)" strm=""/>
	<channel id="Epic Drama" 								title="(?=Epic\s*Drama(\s*TV)?(\s*HD)?$)" strm=""/>
	<channel id="Eska Best Music" 							title="(?=Eska\s*Best\s*Music(\s*TV)?(\s*HD)?$)" strm=""/>
	<channel id="ESKA PARTY TV" 							title="(?=ESKA\s*(PARTY|GO)(\s*TV)?(\s*HD)?$)" strm=""/>
	<channel id="Eska Rock" 								title="(?=Eska\s*Rock(\s*TV)?(\s*HD)?$)" strm=""/>
	<channel id="Eska TV" 									title="(?=Eska\s*(\s*TV)?(\s*HD)?$)" strm=""/>
	<channel id="Eska TV Extra" 							title="(?=Eska\s*(\s*TV)?\s*Extra(\s*TV)?(\s*HD)?$)" strm=""/>
	<channel id="ETV" 										title="(?=ETV(\s*TV)?(\s*HD)?$)" strm=""/>
	<channel id="Eurochannel" 								title="(?=Euro\s*channel(\s*TV)?(\s*HD)?$)" strm=""/>
	<channel id="EURONEWS"									title="(?=Euro\s*news(\s*TV)?(\s*HD)?$)" strm=""/>
	<channel id="Eurosport 2" 								title="(?=Euro\s*sport\s*2(\s*TV)?(\s*HD)?$)" strm=""/>
	<channel id="Eurosport" 								title="(?=Euro\s*sport(\s*1)?(\s*TV)?(\s*HD)?$)" strm=""/>
	<channel id="Extreme Sports Channel"					title="(?=Extreme(\s*Sport(s)?)?(\s*Channel)?(\s*TV)?(\s*HD)?$)" strm=""/>
	<channel id="Family Sport" 								title="(?=Family\s*Sport(\s*TV)?(\s*HD)?$)" strm=""/>
	<channel id="Fashion TV" 								title="(?=Fashion(\s*TV)?(\s*HD)?$)" strm=""/>
	<channel id="FASHIONBOX" 								title="(?=FASHIONBOX(\s*TV)?(\s*HD)?$)" strm=""/>
	<channel id="FASTBOX AND FUN" 							title="(?=FASTBOX\s*AND\s*FUN(\s*TV)?(\s*HD)?$)" strm=""/>
	<channel id="FightBox" 									title="(?=Fight\s*Box(\s*TV)?(\s*HD)?$)" strm=""/>
	<channel id="FIGHTKLUB" 								title="(?=FIGHT\s*KLUB(\s*TV)?(\s*HD)?$)" strm=""/>
	<channel id="Fight Channel" 							title="(?=Fight\s*Channel(\s*TV)?(\s*HD)?$)" strm=""/>
	<channel id="FilmBox Action"							title="(?=FilmBox\s*Action(\s*TV)?(\s*HD)?$)" strm=""/>
	<channel id="Filmbox Arthouse"							title="(?=Filmbox\s*Arthouse(\s*TV)?(\s*HD)?$)" strm=""/>
	<channel id="Filmbox Extra HD" 							title="(?=Filmbox\s*Extra(\s*TV)?(\s*HD)?$)" strm=""/>
	<channel id="Filmbox Family"							title="(?=FILMBOX\s*FAMILY(\s*TV)?(\s*HD)?$)" strm=""/>
	<channel id="Filmbox Premium" 							title="(?=FILM\s*BOX\s*PREMIUM(\s*TV)?(\s*HD)?$)" strm=""/>
	<channel id="Kino TV" 									title="(?=(Filmbox|Kino)(\s*TV)?(\s*HD)?$)" strm=""/>
	<channel id="FofaTV"									title="(?=FofaTV(\s*TV)?(\s*HD)?$)" strm=""/>
	<channel id="Fokus TV"									title="(?=Fo(k|c)us(\s*TV)?(\s*HD)?$)" strm=""/>
	<channel id="Formula 1"									title="(?=Formula\s*1(\s*TV)?(\s*HD)?$)" strm=""/>
	<channel id="FOX Comedy" 								title="(?=FOX\s*Comedy(\s*TV)?(\s*HD)?$)" strm=""/>
	<channel id="FOX Life" 									title="(?=FOX\s*Life(\s*TV)?(\s*HD)?$)" strm=""/>
	<channel id="FOX" 										title="(?=FOX(\s*TV)?(\s*HD)?$)" strm=""/>
	<channel id="Game Show" 								title="(?=Game\s*Show(\s*TV)?(\s*HD)?$)" strm=""/>
	<channel id="Golf Channel" 								title="(?=Golf(\s*Channel)?(\s*TV)?(\s*HD)?$)" strm=""/>
	<channel id="H2" 										title="(?=(H|History)\s*2(\s*TV)?(\s*HD)?$)" strm=""/>
	<channel id="HBO" 										title="(?=HBO(\s*1)?(\s*TV)?(\s*HD)?$)" strm=""/>
	<channel id="HBO2" 										title="(?=HBO\s*2(\s*TV)?(\s*HD)?$)" strm=""/>
	<channel id="HBO3" 										title="(?=HBO\s*(3|COMEDY)(\s*TV)?(\s*HD)?$)" strm=""/>
	<channel id="HGTV"										title="(?=(HGTV|TVN\s*METEO\s*Active)(\s*TV)?(\s*HD)?$)" strm=""/>
	<channel id="History" 									title="(?=History(\s*TV)?(\s*HD)?$)" strm=""/>
	<channel id="ID" 										title="(?=(DISCOVERY\s*)?(INVESTIGATION|ID)(\s*DISCOVERY)?(\s*TV)?(\s*HD)?$)" strm=""/>
	<channel id="JimJam Polsat" 							title="(?=(Polsat\s*)?Jim\s*Jam(\s*Polsat)?(\s*TV)?(\s*HD)?$)" strm=""/>
	<channel id="Kino Polska" 								title="(?=Kino(\s*Polska)?(\s*TV)?(\s*HD)?$)" strm=""/>
	<channel id="Kino Polska International" 				title="(?=Kino(\s*Polska)?\s*Int(ernational)?(\s*TV)?(\s*HD)?$)" strm=""/>
	<channel id="Kino Polska Muzyka" 						title="(?=Kino(\s*Polska)?\s*Muzyka(\s*TV)?(\s*HD)?$)" strm=""/>
	<channel id="Kino Polska Muzyka International" 			title="(?=Kino(\s*Polska)?\s*Muzyka\s*Int(ernational)?(\s*TV)?(\s*HD)?$)" strm=""/>
	<channel id="KSW" 										title="(?=\s*KSW.*$)" strm=""/>
	<channel id="Kuchnia+" 									title="(?=Kuchnia\s*(\+|PLUS)?(\s*TV)?(\s*HD)?$)" strm=""/>
	<channel id="LECH TV"									title="(?=Lech(\s*TV)?(\s*HD)?$)" strm=""/>
	<channel id="Lifetime"									title="(?=Life\s*time(\s*TV)?(\s*HD)?$)" strm=""/>
	<channel id="LUBELSKA TV" 								title="(?=LUBELSKA(\s*TV)?(\s*HD)?$)" strm=""/>
	<channel id="MANGO" 									title="(?=MANGO(\s*24)?(\s*TV)?(\s*HD)?$)" strm=""/>
	<channel id="MEZZO" 									title="(?=MEZZO(\s*TV)?(\s*HD)?$)" strm=""/>
	<channel id="MC Play"									title="(?=MC\s*Play(\s*TV)?(\s*HD)?$)" strm=""/>
	<channel id="MGM" 										title="(?=MGM(\s*TV)?(\s*HD)?$)" strm=""/>
	<channel id="Miejska TV" 								title="(?=Miejska(\s*TV)?(\s*HD)?$)" strm=""/>
	<channel id="Minimini+" 								title="(?=MINI\s*MINI\s*(\+|PLUS)?(\s*TV)?(\s*HD)?$)" strm=""/>
	<channel id="Motowizja" 								title="(?=(Motowizja|Motorwizja)(\s*TV)?(\s*HD)?$)" strm=""/>
	<channel id="MTV Base"									title="(?=MTV\s*Base(\s*TV)?(\s*HD)?$)" strm=""/>
	<channel id="MTV Dance" 								title="(?=MTV\s*Dance(\s*TV)?(\s*HD)?$)" strm=""/>
	<channel id="MTV Live HD" 								title="(?=MTV\s*Live(\s*TV)?(\s*HD)?$)" strm=""/>
	<channel id="MTV Polska" 								title="(?=MTV(\s*Polska)?(\s*TV)?(\s*HD)?$)" strm=""/>
	<channel id="MTV Dance"									title="(?=MTV\s*Dance(\s*TV)?(\s*HD)?$)" strm=""/>
	<channel id="MTV Hits"									title="(?=MTV\s*Hits(\s*TV)?(\s*HD)?$)" strm=""/>
	<channel id="MTV Music 24"								title="(?=MTV\s*Music.*$)" strm=""/>
	<channel id="MTV Rocks"									title="(?=MTV\s*Rocks(\s*TV)?(\s*HD)?$)" strm=""/>
	<channel id="MTV Music"									title="(?=MTV\s*Music(\s*TV)?(\s*HD)?$)" strm=""/>
	<channel id="MUSIC VOX TV 2"							title="(?=MUSIC\s*VOX(\s*TV)?\s*2(\s*TV)?(\s*HD)?$)" strm=""/>
	<channel id="Polsat Music"								title="(?=(Muzo(\.)?(\s*TV)?|Polsat\s*Music)(\s*HD)?$)" strm=""/>
	<channel id="Nat Geo People"							title="(?=(Nat|National)\s*(Geo|Geographic)\s*People(\s*TV)?(\s*HD)?$)" strm=""/>
	<channel id="Nat Geo Wild" 								title="(?=(Nat|National)\s*(Geo|Geographic)\s*Wild(\s*TV)?(\s*HD)?$)" strm=""/>
	<channel id="National Geographic Channel" 				title="(?=(Nat|National)\s*(Geo|Geographic)(\s*CHANNEL)?(\s*TV)?(\s*HD)?$)" strm=""/>
	<channel id="Nick Jr." 									title="(?=Nick(elodeon)?\s*(Jr|JUNIOR)(\.)?(Polska)?(\s*TV)?(\s*HD)?$)" strm=""/>
	<channel id="Nickelodeon" 								title="(?=Nickelodeon(\s*Polska)?(\s*TV)?$)" strm=""/>
	<channel id="Nickelodeon HD" 							title="(?=Nickelodeon(\s*Polska)?(\s*TV)?\s*HD$)" strm=""/>
	<channel id="Nicktoons" 								title="(?=Nicktoons(\s*Polska)?(\s*TV)?$)" strm=""/>
	<channel id="NOWA TV"									title="(?=NOWA(\s*TV)?(\s*HD)?$)" strm=""/>
	<channel id="NOVELA TV"									title="(?=NOVELA(\s*TV)?(\s*HD)?$)" strm=""/>
	<channel id="nsport+" 									title="(?=n\s*Sport\s*(\+|PLUS)?(\s*TV)?(\s*HD)?$)" strm=""/>
	<channel id="NTL Radomsko"								title="(?=NTL(\s*Radomsko)?(\s*TV)?(\s*HD)?$)" strm=""/>
	<channel id="Nuta TV"									title="(?=Nuta(\s*TV)?(\s*HD)?$)" strm=""/>
	<channel id="Ocko" 										title="(?=Ocko(\s*TV)?(\s*HD)?$)" strm=""/>
	<channel id="OPOKA TV" 									title="(?=OPOKA(\s*TV)?(\s*HD)?$)" strm=""/>
	<channel id="Orange Sport" 								title="(?=Orange\s*Sport(\s*TV)?(\s*HD)?$)" strm=""/>
	<channel id="Paramount Channel" 						title="(?=Paramount(\s*Channel)?(\s*TV)?(\s*HD)?$)" strm=""/>
	<channel id="Planete+" 									title="(?=PLANET(E)?\s*(\+|PLUS)?(\s*TV)?(\s*HD)?$)" strm=""/>
	<channel id="POLO PARTY TV"								title="(?=POLO\s*PARTY(\s*TV)?(\s*TV)?(\s*HD)?$)" strm=""/>
	<channel id="Polo TV" 									title="(?=Polo(\s*TV)?(\s*TV)?(\s*HD)?$)" strm=""/>
	<channel id="Polonia 1"									title="(?=Polonia\s*1(\s*TV)?(\s*HD)?$)" strm=""/>
	<channel id="Polsat 2" 									title="(?=Polsat\s*2(\s*TV)?(\s*HD)?$)" strm=""/>
	<channel id="Polsat Cafe" 								title="(?=Polsat\s*Caf(e)?(\s*TV)?(\s*HD)?$)" strm=""/>
	<channel id="Polsat Crime" 								title="(?=(CI(\s*Polsat)?|Polsat\s*Crime)(\s*TV)?(\s*HD)?$)" strm=""/>
	<channel id="Polsat Doku" 								title="(?=Polsat\s*Doku(\s*TV)?(\s*HD)?$)" strm=""/>
	<channel id="Polsat Film" 								title="(?=Polsat\s*Film(\s*TV)?(\s*HD)?$)" strm=""/>
	<channel id="Food Network" 								title="(?=(Polsat\s*)?Food(\s*Network)?(\s*TV)?(\s*HD)?$)" strm=""/>
	<channel id="POLSAT NEWS 2" 							title="(?=Polsat\s*NEWS\s*2(\s*TV)?(\s*HD)?$)" strm=""/>
	<channel id="Polsat News" 								title="(?=Polsat\s*News(\s*TV)?(\s*HD)?$)" strm=""/>
	<channel id="Polsat One" 								title="(?=Polsat\s*(One|1)(\s*TV)?(\s*HD)?$)" strm=""/>
	<channel id="Polsat Play" 								title="(?=Polsat\s*Play(\s*TV)?(\s*HD)?$)" strm=""/>
	<channel id="POLSAT ROMANS"								title="(?=Polsat\s*Romans(\s*TV)?(\s*HD)?$)" strm=""/>
	<channel id="Polsat Sport" 								title="(?=Polsat\s*Sport(\s*1)?(\s*TV)?(\s*HD)?$)" strm=""/>
	<channel id="Polsat Sport 2" 							title="(?=Polsat\s*Sport\s*2(\s*TV)?(\s*HD)?$)" strm=""/>
	<channel id="Polsat Sport 3" 							title="(?=Polsat\s*SPORT\s*3(\s*TV)?(\s*HD)?$)" strm=""/>
	<channel id="Polsat Sport Extra" 						title="(?=Polsat\s*Sport\s*Extra(\s*TV)?(\s*HD)?$)" strm=""/>
	<channel id="Polsat Sport Fight" 						title="(?=Polsat\s*Sport\s*Fight(\s*TV)?(\s*HD)?$)" strm=""/>
	<channel id="Polsat Sport News" 						title="(?=Polsat\s*Sport\s*News(\s*TV)?(\s*HD)?$)" strm=""/>
	<channel id="POLSAT Viasat Explore" 					title="(?=(Polsat\s*)?Viasat\s*Explore(R)?(\s*Polsat)?(\s*TV)?(\s*HD)?$)" strm=""/>
	<channel id="Polsat Viasat History" 					title="(?=(Polsat\s*)?Viasat\s*History(\s*Polsat)?(\s*TV)?(\s*HD)?$)" strm=""/>
	<channel id="Polsat Viasat Nature" 						title="(?=(Polsat\s*)?Viasat\s*Nature(\s*Polsat)?(\s*TV)?(\s*HD)?$)" strm=""/>
	<channel id="Polsat" 									title="(?=Polsat(\s*TV)?(\s*HD)?$)" strm=""/>
	<channel id="POMERANIA" 								title="(?=POMERANIA(\s*TV)?(\s*HD)?$)" strm=""/>
	<channel id="POMORSKA" 									title="(?=POMORSKA(\s*TV)?(\s*HD)?$)" strm=""/>
	<channel id="POWER TV"									title="(?=Power(\s*TV)?(\s*HD)?$)" strm=""/>
	<channel id="Puls 2" 									title="(?=(TV|TVP)?\s*Puls\s*2(\s*TV)?(\s*HD)?$)" strm=""/>
	<channel id="Republika TV"								title="(?=(TV\s*)?Republika(\s*TV)?(\s*HD)?$)" strm=""/>
	<channel id="ROMANCE TV" 								title="(?=ROMANCE(\s*TV)?(\s*HD)?$)" strm=""/>
	<channel id="Scifi Universal" 							title="(?=Sci(-|\s*)Fi(\s*Universal)?(\s*Channel)?(\s*TV)?(\s*HD)?$)" strm=""/>
	<channel id="Sfera TV"									title="(?=SFERA(\s*TV)?(\s*HD)?$)" strm=""/>
	<channel id="Sportklub"									title="(?=SPORT\s*KLUB(\s*TV)?(\s*HD)?$)" strm=""/>
	<channel id="Sportowa TV"								title="(?=Sportowa(\s*TV)?(\s*HD)?$)" strm=""/>
	<channel id="Stars TV"									title="(?=STAR(S)?[\s.]*(\s*TV)?(\s*HD)?$)" strm=""/>
	<channel id="STELLA" 									title="(?=STELLA(\s*TV)?(\s*HD)?$)" strm=""/>
	<channel id="Stopklatka TV"								title="(?=STOPKLATKA(\s*TV)?(\s*HD)?$)" strm=""/>
	<channel id="Sundance TV" 								title="(?=Sundance(\s*Channel)?(\s*TV)?(\s*HD)?$)" strm=""/>
	<channel id="Super Polsat" 								title="(?=(Super\s*Polsat|Polsat\s*Super)(\s*TV)?(\s*HD)?$)" strm=""/>
	<channel id="Superstacja" 								title="(?=Super\s*Stacja(\s*TV)?(\s*HD)?$)" strm=""/>
	<channel id="TAGEN" 									title="(?=TAGEN(\s*TV)?(\s*HD)?$)" strm=""/>
	<channel id="TAWIZJA" 									title="(?=TAWIZJA(\s*TV)?(\s*HD)?$)" strm=""/>
	<channel id="TBN POLSKA" 								title="(?=TBN\s*POLSKA(\s*TV)?(\s*HD)?$)" strm=""/>
	<channel id="Tele 5" 									title="(?=Tele\s*5(\s*TV)?(\s*HD)?$)" strm=""/>
	<channel id="Teletoon" 									title="(?=Teletoon\s*(\+|PLUS)?(\s*TV)?(\s*HD)?$)" strm=""/>
	<channel id="Tenis 1 Premium" 							title="(?=Tenis\s*1(\s*Premium)?(\s*TV)?(\s*HD)?$)" strm=""/>
	<channel id="Tenis 2 Premium" 							title="(?=Tenis\s*2(\s*Premium)?(\s*TV)?(\s*HD)?$)" strm=""/>
	<channel id="TLC" 										title="(?=TLC(\s*Polska)?(\s*TV)?(\s*HD)?$)" strm=""/>
	<channel id="TNT"										title="(?=TNT(\s*CHANNEL)?(\s*TV)?(\s*HD)?$)" strm=""/>
	<channel id="Top Kids"									title="(?=Top\s*Kids(\s*TV)?(\s*HD)?$)" strm=""/>
	<channel id="To!TV"										title="(?=TO(!)?\s*TV(\s*TV)?(\s*HD)?$)" strm=""/>
	<channel id="Trace Urban"								title="(?=Trace(\s*Urban)?(\s*TV)?(\s*HD)?$)" strm=""/>
	<channel id="Travel Channel"							title="(?=TRAVEL(\s*CHANNEL)?(\s*TV)?(\s*HD)?$)" strm=""/>
	<channel id="TRWAM" 									title="(?=(TV\s*)?Trwam(\s*TV)?(\s*HD)?$)" strm=""/>
	<channel id="TTV" 										title="(?=TTV(\s*TV)?(\s*HD)?$)" strm=""/>
	<channel id="TUBA TV"									title="(?=TUBA(\s*TV)?(\s*TV)?(\s*HD)?$)" strm=""/>
	<channel id="TV 4" 										title="(?=TV\s*4(\s*TV)?(\s*HD)?$)" strm=""/>
	<channel id="TV 6" 										title="(?=(TV\s*6|SZOSTKA)(\s*TV)?(\s*HD)?$)" strm=""/>
	<channel id="TV KUJAWY"									title="(?=(TV\s*)?KUJAWY(\s*TV)?(\s*HD)?$)" strm=""/>
	<channel id="TV Puls" 									title="(?=(TV\s*)?Puls(\s*TV)?(\s*HD)?$)" strm=""/>
	<channel id="TV TORUN" 									title="(?=(TV\s*)?TORUN(\s*TV)?(\s*HD)?$)" strm=""/>
	<channel id="TV ZGORZELEC" 								title="(?=(TV\s*)?ZGORZELEC(\s*TV)?(\s*HD)?$)" strm=""/>
	<channel id="TVN 24 BiS"								title="(?=TVN\s*24\s*(BiS|Biznes\s*i\s*.*wiat)(\s*TV)?(\s*HD)?$)" strm=""/>
	<channel id="TVN 24" 									title="(?=(TVN\s*24|24\s*TVN)(\+|PLUS)?(\s*TV)?(\s*HD)?$)" strm=""/>
	<channel id="TVN 7" 									title="(?=TVN\s*(7|Siedem)(\s*TV)?(\s*HD)?$)" strm=""/>
	<channel id="TVN Fabula"								title="(?=TVN\s*FABU.*A(\s*TV)?(\s*HD)?$)" strm=""/>
	<channel id="TVN METEO"									title="(?=TVN\s*Meteo(\s*TV)?(\s*HD)?$)" strm=""/>
	<channel id="TVN Style" 								title="(?=(TVN\s*Style|Style\s*TVN)(\s*TV)?(\s*HD)?$)" strm=""/>
	<channel id="TVN Turbo" 								title="(?=(TVN(\s*|_)Turbo|Turbo\s*TVN)(\s*TV)?(\s*HD)?$)" strm=""/>
	<channel id="TVN" 										title="(?=TVN(\s*TV)?(\s*HD)?$)" strm=""/>
	<channel id="TVP 1" 									title="(?=(TVP\s*1|1\s*TVP)(\s*TV)?(\s*HD)?$)" strm=""/>
	<channel id="TVP 2"										title="(?=(TVP\s*2|2\s*TVP)(\s*TV)?(\s*HD)?$)" strm=""/>
	<channel id="TVP ABC"									title="(?=(TVP\s*ABC|ABC\s*TVP)(\s*TV)?(\s*HD)?$)" strm=""/>
	<channel id="TVP HD" 									title="(?=TVP(\s*TV)?(\s*HD)?$)" strm=""/>
	<channel id="TVP Historia" 								title="(?=(TVP\s*Historia|Historia\s*TVP)(\s*TV)?(\s*HD)?$)" strm=""/>
	<channel id="TVP Info" 									title="(?=(TVP\s*Info|Info\s*TVP)(\s*1)?(\s*TV)?(\s*HD)?$)" strm=""/>
	<channel id="TVP Katowice" 								title="(?=(TVP\s*Katowice|Katowice\s*TVP)(\s*TV)?(\s*HD)?$)" strm=""/>
	<channel id="TVP Kultura" 								title="(?=(TVP\s*Kultura|Kultura\s*TVP)(\s*TV)?(\s*HD)?$)" strm=""/>
	<channel id="Tvp Krakow" 								title="(?=(TVP\s*Krakow|Krakow\s*TVP)(\s*TV)?(\s*HD)?$)" strm=""/>
	<channel id="TVP Polonia" 								title="(?=(TVP\s*Polonia|Polonia\s*TVP)(\s*TV)?(\s*HD)?$)" strm=""/>
	<channel id="TVP Rozrywka" 								title="(?=(TVP\s*Rozrywka|Rozrywka\s*TVP)(\s*TV)?(\s*HD)?$)" strm=""/>
	<channel id="TVP Seriale" 								title="(?=(TVP\s*Seriale|Seriale\s*TVP)(\s*TV)?(\s*HD)?$)" strm=""/>
	<channel id="TVP Sport" 								title="(?=(TVP\s*Sport|Sport\s*TVP)(\s*TV)?(\s*HD)?$)" strm=""/>
	<channel id="TVP WARSZAWA"								title="(?=(TVP(\s*3|\s*Warszawa)+|(\s*3|\s*Warszawa)+\s*TVP)(\s*TV)?(\s*HD)?$)" strm=""/>
	<channel id="TVS"										title="(?=TVS(\s*TV)?(\s*HD)?$)" strm=""/>
	<channel id="TWOJA TV"									title="(?=Twoja(\.)?(\s*TV)?(\s*HD)?$)" strm=""/>
	<channel id="Universal Channel" 						title="(?=Universal\s*(Channel)?(\s*TV)?(\s*HD)?$)" strm=""/>
	<channel id="VEVO TV FLOW"								title="(?=Vevo\s*TV\s*Flow(\s*TV)?(\s*HD)?$)" strm=""/>
	<channel id="VEVO TV HITS"								title="(?=Vevo\s*TV\s*Hits(\s*TV)?(\s*HD)?$)" strm=""/>
	<channel id="VEVO"										title="(?=VEVO(\s*TV)?(\s*HD)?$)" strm=""/>
	<channel id="VH1"										title="(?=VH1(\s*TV)?(\s*HD)?$)" strm=""/>
	<channel id="VIVA Polska" 								title="(?=VIVA(\s*Polska)?(\s*TV)?(\s*HD)?$)" strm=""/>
	<channel id="Vox Music TV"								title="(?=(Music\s*VOX|VOX\s*Music)(\s*TV)?(\s*HD)?$)" strm=""/>
	<channel id="WATER PLANET"								title="(?=Water\s*Planet(\s*TV)?(\s*HD)?$)" strm=""/>
	<channel id="WAWA TV"									title="(?=WAWA(\s*TV)?(\s*TV)?(\s*HD)?$)" strm=""/>
	<channel id="Wellbeing Network"							title="(?=Well\s*being(\s*Network)?(\s*TV)?(\s*HD)?$)" strm=""/>
	<channel id="WTK" 										title="(?=WTK(\s*TV)?(\s*HD)?$)" strm=""/>
	<channel id="wPolsce.pl" 								title="(?=w\s*Polsce[\s.]*(pl)?(\s*TV)?(\s*HD)?$)" strm=""/>
	<channel id="8TV"										title="(?=(8\s*TV|TV\s*8)(\s*TV)?(\s*HD)?$)" strm=""/>
	<channel id="WP"										title="(?=(Telewizja\s*)?WP(\s*1)?(\s*TV)?(\s*HD)?$)" strm=""/>
	<channel id="METRO"										title="(?=METRO(\s*TV)?(\s*HD)?$)" strm=""/>
	<channel id="ZOOM TV"									title="(?=ZOOM(\s*TV)?(\s*HD)?$)" strm=""/>
	
	<category name="Movie" 									tags="Film|Filmy|Kino|Komedia|Romans"/>
	<category name="Series" 								tags="Serial|Seriale"/>
	<category name="Information" 							tags="Informacja|Reportaż"/>
	<category name="Entertainment" 							tags="Program / Muzyczny|Rozrywka|World Music"/>
	<category name="Document" 								tags="Dokument|Historia"/>
	<category name="Kids" 									tags="Dla dzieci|Magazyn"/>
	<category name="Sport" 									tags="Boks|Golf|Olimpiada|Piłka|Sport|Wyścigi"/>
	<category name="Interactive Entertainment" 				tags="Interaktywny Program Rozrywkowy|Kulinaria|Magazyn Mody|Opera|Program|Program Familijny|Spektakl"/>
</map>