<?xml version="1.0" encoding="UTF-8" standalone="yes"?>
<addon id="plugin.audio.pl.radio"
       name="PL Radio"
       version="0.0.2"
       provider-name="RAFCIO - iptvlive.org">
  <requires>
    <import addon="xbmc.python" version="2.1.0"/>
  </requires>
  <extension point="xbmc.python.pluginsource"
            library="default.py">
        <provides>audio</provides>
  </extension>
  <extension point="xbmc.addon.metadata">
    <summary lang="en">http://iptvlive.org</summary>
    <description lang="en">Polish Radio Stations</description>
    <description lang="pl">Polskie Stacje Radiowe</description>
    <platform>all</platform>
  </extension>
</addon>