<?xml version="1.0" encoding="UTF-8" standalone="yes"?>
<addon id="script.mtvguide" name="m-TVGuide [COLOR gold][B]EPG[/B][/COLOR]" version="8.3.2" provider-name="Twinther, Mods-Kodi">
	<requires>
		<import addon="xbmc.python" version="2.1.0"/>
		<import addon="script.module.simplejson" version="2.0.10"/>
		<import addon="script.module.elementtree" version="1.2.7"/>
	</requires>
	<extension point="xbmc.python.script" library="addon.py">
		<provides>video</provides>
	</extension>
	<extension point="xbmc.service" library="service.py" start="login"/>
	<extension point="xbmc.addon.metadata">
		<summary lang="en_GB">m-TVGuide is TVGuide by Twinther modded by Mods-Kodi. (EPG for Kodi)</summary>
		<summary lang="pl_PL">m-TVGuide to TVGuide Twinther-a zmodyfikowane przez Mods-Kodi. (EPG dla Kodi)</summary>
		<summary lang="sv_SE">m-TVGuide är en TVGuide av Twinther samt moddat utav Mods-Kodi. (EPG för Kodi)</summary>
		<description lang="en_GB">m-TVGuide EPG for internet TV. For more information visit http://mods-kodi.pl/</description>
		<description lang="pl_PL">m-TVGuide EPG dla telewizji internetowej. Więcej informacji na stronie http://mods-kodi.pl/</description>
		<description lang="sv_SE">m-TVGuide EPG för internet TV. För mer information besök http://mods-kodi.pl/</description>
		<disclaimer lang="en_GB">m-TVGuide is a modified script EPG for Kodi</disclaimer>
		<disclaimer lang="pl_PL">m-TVGuide to zmodyfikowany skrypt EPG dla Kodi</disclaimer>
		<disclaimer lang="sv_SE">m-TVGuide är ett modifierat EPG skript för Kodi</disclaimer>
		<platform>all</platform>
		<language></language>
		<website>http://mods-kodi.pl</website>
		<forum>http://mods-kodi.pl/forum</forum>
		<email>site@mods-kodi.pl</email>
	</extension>
</addon>