<window>
	<defaultcontrol>-</defaultcontrol>
	<controls>
		<control type="image">
			<left>40</left>
			<top>15</top>
			<width>300</width>
			<height>80</height>
			<texture border="40" colordiffuse="c1ffffff">../../Default/media/dialogs/bg.png</texture>
			<visible>!String.IsEmpty(Control.GetLabel(4940)) + !IsEmpty(Control.GetLabel(4940))</visible>
		</control>
		<control type="label" id="4940">
			<description>Serwis</description>
			<left>70</left>
			<posy>40</posy>
			<width>245</width>
			<height>33</height>
			<align>center</align>
			<font>font16</font>
			<textcolor>fff0efef</textcolor>
			<shadowcolor>e13c3c3c</shadowcolor>
			<visible>!String.IsEmpty(Control.GetLabel(4940)) + !IsEmpty(Control.GetLabel(4940))</visible>
		</control>
	</controls>
</window>