<?xml version="1.0" encoding="UTF-8" standalone="yes"?>
<addon id="repository.qwer" name="[I][COLOR=red]QWER[/COLOR][/I] Repository" provider-name="QWER" version="0.0.1">
  <extension point="xbmc.addon.repository">
    <info>http://cherrytv.one.pl/qwer/addons.xml</info>
    <checksum>http://cherrytv.one.pl/qwer/addons.xml.md5</checksum>
    <datadir zip="true">http://cherrytv.one.pl/qwer/</datadir>
  </extension>
  <extension point="xbmc.addon.metadata">
  <import addon="repository.cherrytv" version="1.2.4"/>
    <summary lang="en">qwer Repository</summary>
    <description lang="en">"qwer-zakaz rozpowszechniania.</description>
	<disclaimer lang="en"> repo Kodi
</disclaimer>
    <website></website>
    <platform>all</platform>
  </extension>
</addon>
