<?xml version="1.0" encoding="UTF-8" standalone="yes"?>
<addon id="plugin.video.fanfilm.lite" name="FanFilm Lite - MrKnow" version="2018.04.10" provider-name="MrUnknow + T">
        <requires>
                <import addon="xbmc.python" version="2.1.0" />
                <import addon="script.module.requests"/>
                <import addon="script.module.metahandler" />
                <import addon="plugin.video.youtube" optional="true" />
                <import addon="script.module.resolveurl" />
                <import addon="script.specto.media" />
                <import addon="script.fanfilm.lite.metadata" />
        </requires>
        <extension point="xbmc.python.pluginsource" library="default.py">
                <provides>video</provides>
        </extension>
        <extension point="xbmc.service" library="service.py" start="startup" />
        <extension point="xbmc.addon.metadata">
                <summary lang="pl">FanFilm Lite</summary>
                <description lang="pl">Wtyczka została odnowiona przez Cherry TEAM. Mod przez T 
                </description>
                <disclaimer lang="pl">The author does not host or distribute any of the content displayed by this addon. The author does not have any affiliation with the content provider.
                </disclaimer>
                <summary lang="en">FanFilm Lite</summary>
                <description lang="en">Addon remastered by CHERRY TEAM. Mod by T.
                </description>
                <disclaimer lang="en">The author does not host or distribute any of the content displayed by this addon. The author does not have any affiliation with the content provider.
                </disclaimer>
                <forum>https://github.com/meserak86/QWERX/issues</forum>
                <source>http://filmkodi.com/repository/</source>
                <website>https://github.com/meserak86/QWERX</website>
                <platform>all</platform>
        </extension>
</addon>