<?xml version="1.0" encoding="utf-8"?>
<window type="dialog">
	<allowoverlay>no</allowoverlay>
	<aspectratio>scale</aspectratio>
	<defaultcontrol always="false">4000</defaultcontrol>
	<coordinates>
		<system>1</system><posx>0</posx><posy>80</posy>
	</coordinates>

	<controls>
		<control type="button">
			<left>0</left>
			<top>-80</top>
			<width>1280</width>
			<height>720</height>
			<texturefocus colordiffuse="90000000">../../Default/media/osd/white.png</texturefocus>
			<texturenofocus colordiffuse="90000000">../../Default/media/osd/white.png</texturenofocus>
			<animation effect="fade" time="200">WindowOpen</animation>
			<animation effect="fade" time="200">WindowClose</animation>
		</control>
		<control type="image">
			<left>-24</left>
			<top>-80</top>
			<width>284</width>
			<height>720</height>
			<texture border="0,0,10,0">../../Default/media/dialogs/sub.png</texture>
			<animation type="WindowOpen" reversible="false">
			<effect type="slide" start="-480,0" end="0,0" time="375" tween="quadratic" easing="out" />
			</animation>
			<animation type="WindowClose" reversible="false">
				<effect type="slide" end="-380,0" start="0,0" time="375" tween="quadratic" easing="out" />
			</animation>
		</control>
		<control type="image">
			<description>LOGO</description>
			<left>35</left>
			<top>-40</top>
			<width>160</width>
			<height>50</height>
			<aspectratio>keep</aspectratio>
			<texture>../../Default/media/dialogs/mods-kodi_logo.png</texture>
			<animation type="WindowOpen" reversible="false">
			<effect type="slide" start="-480,0" end="0,0" time="375" tween="quadratic" easing="out" />
			</animation>
			<animation type="WindowClose" reversible="false">
			<effect type="slide" end="-380,0" start="0,0" time="375" tween="quadratic" easing="out" />
			</animation>
		</control>

		<control type="label">
			<posx>40</posx>
			<posy>110</posy>
			<width>160</width>
			<height>66</height>
			<font>font12</font>
			<textcolor>ffe34555</textcolor>
			<shadowcolor>e1000000</shadowcolor>
			<align>center</align>
			<label>$ADDON[script.mtvguide 30305]</label>
			<wrapmultiline>true</wrapmultiline>
			<animation type="WindowOpen" reversible="false">
			<effect type="slide" start="-480,0" end="0,0" time="375" tween="quadratic" easing="out" />
			</animation>
			<animation type="WindowClose" reversible="false">
			<effect type="slide" end="-380,0" start="0,0" time="375" tween="quadratic" easing="out" />
			</animation>
		</control>
		
		<control type="image" id="4100">
			<posx>20</posx>
			<posy>200</posy>
			<width>213</width>
			<height>60</height>
			<animation type="WindowOpen" reversible="false">
			<effect type="slide" start="-480,0" end="0,0" time="375" tween="quadratic" easing="out" />
			</animation>
			<animation type="WindowClose" reversible="false">
			<effect type="slide" end="-380,0" start="0,0" time="375" tween="quadratic" easing="out" />
			</animation>
		</control>
		<control type="label" id="4101">
			<posx>53</posx>
			<posy>33</posy>
			<width>160</width>
			<height>33</height>
			<align>center</align>
			<aligny>center</aligny>
			<font>font12_title</font>
			<textcolor>fff0efef</textcolor>
			<shadowcolor>e13c3c3c</shadowcolor>
			<animation type="WindowOpen" reversible="false">
			<effect type="slide" start="-480,0" end="0,0" time="375" tween="quadratic" easing="out" />
			</animation>
			<animation type="WindowClose" reversible="false">
			<effect type="slide" end="-380,0" start="0,0" time="375" tween="quadratic" easing="out" />
			</animation>
		</control>
		
		<!-- Play -->
		<control type="button" id="4000">
			<posx>-10</posx>
			<posy>160</posy>
			<width>264</width>
			<height>66</height>
			<onup>4004</onup>
			<ondown>4001</ondown>
			<align>center</align>
			<aligny>center</aligny>
			<font>font12_title</font>
			<textcolor>fff0efef</textcolor>
			<shadowcolor>e13c3c3c</shadowcolor>
			<visible>false</visible>
		</control>
		
		<control type="label" id="4102">
			<visible>false</visible>
		</control>
		
		<control type="label" id="4103">
			<visible>false</visible>
		</control>
		
		<!-- Remind me / not -->
		<control type="button" id="4002"> 
			<posx>-10</posx>
			<posy>340</posy>
			<width>264</width>
			<height>66</height>
			<onup>4008</onup>
			<ondown>4007</ondown>
			<align>center</align>
			<aligny>center</aligny>
			<font>font12_title</font>
			<textcolor>fff0efef</textcolor>
			<shadowcolor>e13c3c3c</shadowcolor>
			<texturefocus border="40">../../Default/media/dialogs/dialogbutton-fo-red.png</texturefocus>
			<texturenofocus border="40">../../Default/media/dialogs/dialogbutton-nofo</texturenofocus>
			<animation type="WindowOpen" reversible="false">
			<effect type="slide" start="-480,0" end="0,0" time="375" tween="quadratic" easing="out" />
			</animation>
			<animation type="WindowClose" reversible="false">
			<effect type="slide" end="-380,0" start="0,0" time="375" tween="quadratic" easing="out" />
			</animation>
		</control>

		<!-- Button Add/Remove Strm -->
		<control type="button" id="4001">
			<posx>-10</posx>
			<posy>30</posy>
			<width>264</width>
			<height>66</height>
			<onup>4004</onup>
			<ondown>4008</ondown>
			<align>center</align>
			<aligny>center</aligny>
			<font>font12_title</font>
			<textcolor>fff0efef</textcolor>
			<shadowcolor>e13c3c3c</shadowcolor>
			<label>$ADDON[script.mtvguide 30304]</label>
			<texturefocus border="40">../../Default/media/dialogs/dialogbutton-fo-red.png</texturefocus>
			<texturenofocus border="40">../../Default/media/dialogs/dialogbutton-nofo</texturenofocus>
			<animation type="WindowOpen" reversible="false">
			<effect type="slide" start="-480,0" end="0,0" time="375" tween="quadratic" easing="out" />
			</animation>
			<animation type="WindowClose" reversible="false">
			<effect type="slide" end="-380,0" start="0,0" time="375" tween="quadratic" easing="out" />
			</animation>
		</control>
		
				<!-- Channels -->
		<control type="button" id="4003">
			<posx>-10</posx>
			<posy>479</posy>
			<width>264</width>
			<height>66</height>
			<onup>4006</onup>
			<ondown>4005</ondown>
			<align>center</align>
			<aligny>center</aligny>
			<font>font12_title</font>
			<textcolor>fff0efef</textcolor>
			<shadowcolor>e13c3c3c</shadowcolor>
			<label>$ADDON[script.mtvguide 30307]</label>
			<texturefocus border="40">../../Default/media/dialogs/dialogbutton-fo-red.png</texturefocus>
			<texturenofocus border="40">../../Default/media/dialogs/dialogbutton-nofo</texturenofocus>
			<animation type="WindowOpen" reversible="false">
			<effect type="slide" start="-480,0" end="0,0" time="375" tween="quadratic" easing="out" />
			</animation>
			<animation type="WindowClose" reversible="false">
			<effect type="slide" end="-380,0" start="0,0" time="375" tween="quadratic" easing="out" />
			</animation>
		</control>

				<!-- Exit -->
		<control type="button" id="4004">
			<posx>-10</posx>
			<posy>572</posy>
			<width>264</width>
			<height>66</height>
			<onup>4005</onup>
			<ondown>4001</ondown>
			<align>center</align>
			<aligny>center</aligny>
			<font>font12_title</font>
			<textcolor>fff0efef</textcolor>
			<shadowcolor>e13c3c3c</shadowcolor>
			<label>$ADDON[script.mtvguide 30308]</label>
			<texturefocus border="40">../../Default/media/dialogs/dialogbutton-fo-red.png</texturefocus>
			<texturenofocus border="40">../../Default/media/dialogs/dialogbutton-nofo</texturenofocus>
			<animation type="WindowOpen" reversible="false">
			<effect type="slide" start="-480,0" end="0,0" time="375" tween="quadratic" easing="out" />
			</animation>
			<animation type="WindowClose" reversible="false">
			<effect type="slide" end="-380,0" start="0,0" time="375" tween="quadratic" easing="out" />
			</animation>
		</control>
		
				<!-- Settings -->
		<control type="button" id="4005">
			<posx>-10</posx>
			<posy>526</posy>
			<width>264</width>
			<height>66</height>
			<onup>4003</onup>
			<ondown>4004</ondown>
			<align>center</align>
			<aligny>center</aligny>
			<font>font12_title</font>
			<textcolor>fff0efef</textcolor>
			<shadowcolor>e13c3c3c</shadowcolor>
			<label>$LOCALIZE[33063]</label>
			<onclick>Addon.OpenSettings(script.mtvguide)</onclick>
			<texturefocus border="40">../../Default/media/dialogs/dialogbutton-fo-red.png</texturefocus>
			<texturenofocus border="40">../../Default/media/dialogs/dialogbutton-nofo</texturenofocus>
			<animation type="WindowOpen" reversible="false">
			<effect type="slide" start="-480,0" end="0,0" time="375" tween="quadratic" easing="out" />
			</animation>
			<animation type="WindowClose" reversible="false">
			<effect type="slide" end="-380,0" start="0,0" time="375" tween="quadratic" easing="out" />
			</animation>
		</control>
		
				<!-- Recordings -->
		<control type="button" id="4006"> 
			<posx>-10</posx>
			<posy>432</posy>
			<width>264</width>
			<height>66</height>
			<onup>4007</onup>
			<ondown>4003</ondown>
			<align>center</align>
			<aligny>center</aligny>
			<font>font12_title</font>
			<textcolor>fff0efef</textcolor>
			<shadowcolor>e13c3c3c</shadowcolor>
			<label>$LOCALIZE[19017]</label>
			<texturefocus border="40">../../Default/media/dialogs/dialogbutton-fo-red.png</texturefocus>
			<texturenofocus border="40">../../Default/media/dialogs/dialogbutton-nofo</texturenofocus>
			<animation type="WindowOpen" reversible="false">
			<effect type="slide" start="-480,0" end="0,0" time="375" tween="quadratic" easing="out" />
			</animation>
			<animation type="WindowClose" reversible="false">
			<effect type="slide" end="-380,0" start="0,0" time="375" tween="quadratic" easing="out" />
			</animation>
		</control>
		
				<!-- Record -->
		<control type="button" id="4007"> 
			<posx>-10</posx>
			<posy>386</posy>
			<width>264</width>
			<height>66</height>
			<onup>4002</onup>
			<ondown>4006</ondown>
			<align>center</align>
			<aligny>center</aligny>
			<font>font12_title</font>
			<textcolor>fff0efef</textcolor>
			<shadowcolor>e13c3c3c</shadowcolor>
			<label>$ADDON[script.mtvguide 69039]</label>
			<texturefocus border="40">../../Default/media/dialogs/dialogbutton-fo-red.png</texturefocus>
			<texturenofocus border="40">../../Default/media/dialogs/dialogbutton-nofo</texturenofocus>
			<animation type="WindowOpen" reversible="false">
			<effect type="slide" start="-480,0" end="0,0" time="375" tween="quadratic" easing="out" />
			</animation>
			<animation type="WindowClose" reversible="false">
			<effect type="slide" end="-380,0" start="0,0" time="375" tween="quadratic" easing="out" />
			</animation>
		</control>
		
				<!-- Info -->
		<control type="button" id="4008"> 
			<posx>-10</posx>
			<posy>294</posy>
			<width>264</width>
			<height>66</height>
			<onup>4001</onup>
			<ondown>4002</ondown>
			<align>center</align>
			<aligny>center</aligny>
			<font>font12_title</font>
			<textcolor>fff0efef</textcolor>
			<shadowcolor>e13c3c3c</shadowcolor>
			<label>$ADDON[script.mtvguide 58000]</label>
			<texturefocus border="40">../../Default/media/dialogs/dialogbutton-fo-red.png</texturefocus>
			<texturenofocus border="40">../../Default/media/dialogs/dialogbutton-nofo</texturenofocus>
			<animation type="WindowOpen" reversible="false">
			<effect type="slide" start="-480,0" end="0,0" time="375" tween="quadratic" easing="out" />
			</animation>
			<animation type="WindowClose" reversible="false">
			<effect type="slide" end="-380,0" start="0,0" time="375" tween="quadratic" easing="out" />
			</animation>
		</control>
	</controls>
</window>
