<?xml version="1.0" encoding="UTF-8"?>
<addon id="plugin.video.montypython"
version="1.0"
name="MontyPython"
provider-name="GalAnonim">
<requires>
  <import addon="xbmc.python" version="2.25.0"/>
  <import addon="script.module.urlresolver" />
  <import addon="script.module.requests"/>
</requires>
<extension point="xbmc.python.pluginsource" library="main.py">
  <provides>video</provides>
</extension>
<extension point="xbmc.addon.metadata">
  <summary lang="en">MontyPython Plugin Wideo</summary>
  <description lang="en_GB">Plugin z odcinkami MontyPython</description>
  <disclaimer lang="en_GB">Wszelkie treści multimedialne są własnością Monty-Python.org</disclaimer>
  <assets>
    <icon>icon.png</icon>
    <fanart>fanart.png</fanart>
    <screenshot>resources\screenshot-01.jpg</screenshot>
    <screenshot>resources\screenshot-02.jpg</screenshot>
    <screenshot>resources\screenshot-03.jpg</screenshot>    
  </assets>
  <news>Pierwsza wersja :)</news>
</extension>
</addon>