<?xml version="1.0" encoding="UTF-8" standalone="yes" ?>
<addon id="repository.polishteam" name="PolishTeam_Repo" version="0.0.1" provider-name="Polish Team">
	<extension point="xbmc.addon.repository" name="PolishTeam-Repo">
		<info compressed="false">http://polishteam.cherrytv.webd.pl/PolishTeam/addons.xml</info>
		<checksum>http://polishteam.cherrytv.webd.pl/PolishTeam/addons.xml.md5</checksum>
		<datadir zip="true">http://polishteam.cherrytv.webd.pl/PolishTeam/</datadir>
	</extension>
	<extension point="xbmc.addon.metadata">
		<summary>Repozytorium wizardow Polish Team</summary>
		<description>PIERWSZA WERSJA</description> 
		<platform>all</platform>
		<license>GNUv3</license>
		<website>https://www.facebook.com/groups/cherryteamkodi/</website>
	</extension>
</addon>
