<addon id="repository.pierwszatv" name="PierwszaTV repository" version="1.0.0" provider-name="piotrekcrash">
	<extension point="xbmc.addon.repository" name="PierwszaTV Kodi Addon Repository">
		<info compressed="false">https://raw.github.com/pierwszatv/repository.pierwszatv/master/addons.xml</info>
		<checksum>https://raw.github.com/pierwszatv/repository.pierwszatv/master/addons.xml.md5</checksum>
		<datadir zip="true">http://pierwsza.tv/kodi/addon/</datadir>
	</extension>
	<extension point="xbmc.addon.metadata">
		<summary>Zainstaluj PierwszaTV Addon</summary>
		<description>Pobierz i zainstaluj addon PierwszaTV</description>
		<platform>all</platform>
	</extension>
</addon>
