<?xml version="1.0" encoding="UTF-8" standalone="yes"?>
<addon id="repository.ramic" name="Ramic Kodi Add-ons Repository" version="1.3.9" provider-name="Michal">
    <extension point="xbmc.addon.repository" name="Ramic Kodi Add-ons Repository">
        <dir>
            <info compressed="false">http://cherrytv.one.pl/ramic/addons.xml</info>
            <checksum>http://cherrytv.one.pl/ramic/addons.xml.md5</checksum>
            <datadir zip="true">http://cherrytv.one.pl/ramic/</datadir>
        </dir>
    </extension>
    <extension point="xbmc.addon.metadata">
        <summary>Ramic Kodi Repository</summary>
        <summary lang="pl">Repozytorium wtyczek by Ramic</summary>
        <summary lang="en">Addons repository</summary>
        <description>Unofficial, private Addons repository.</description>
        <disclaimer>Repository has non-comercial nature. Just for fun</disclaimer>
        <disclaimer lang="pl">Zawartość repozytorium ma charakter niekomercyjny, tworzone dla zabawy.</disclaimer>
        <platform>all</platform>
        <website>https://github.com/ramicspa/kodi</website>
        <email></email>
    </extension>
</addon>
