﻿<?xml version="1.0" encoding="UTF-8" standalone="yes"?>
<addon id="repository.Fido" name="Fido Add-on Repository" version="1.1" provider-name="Fido Team">
	<extension point="xbmc.addon.repository" name="Fido Add-on Repository">
		<dir>
			<info compressed="false">http://fantazyrepo.uk/Repo/addons.xml</info>
			<checksum>http://fantazyrepo.uk/Repo/addons.xml.md5</checksum>
			<datadir zip="true">http://fantazyrepo.uk/Repo</datadir>
		</dir>		
	</extension>
	<extension point="xbmc.addon.metadata">
		<summary lang="en">Install Add-ons from Fido</summary>
		<description lang="en">Download and install add-ons from Fido</description>
		<platform>all</platform>
	</extension>
</addon>

