<?xml version="1.0" encoding="UTF-8" standalone="yes"?>
<addon id="script.cherry.pass"
  name="CHERRY PASS"
  version="0.0.5" 
  provider-name="QWER">
  <requires>
    <import addon="xbmc.python" version="2.1.0"/>
	<import addon="script.module.cherrytv" version="0.0.3"/>
	<import addon="repository.chepre" version="0.0.9"/>
	<import addon="repository.cherrytv" version="1.2.4"/>
  </requires>
  <extension point="xbmc.python.script" library="addon.py">
    <provides>executable</provides>
  </extension>
  <extension point="xbmc.addon.metadata">
    <platform>all</platform>
    <summary lang="en">CHERRY PASS</summary>
    <description lang="en">CHERRY PASS</description>
	<disclaimer>CHERRY PASS</disclaimer>
  </extension>
</addon>
