<?xml version="1.0" encoding="UTF-8"?>
<map id="adult" version="1.0" strm="">
    <channel id="Adult Channel"								title="(?=Adult\s*Channel.*$)" strm=""/>
	<channel id="Beate Uhse"								title="(?=Beate(\s*|-|\.)*Uhse.*$)" strm=""/>
    <channel id="BLUE MOVIE"								title="(?=BLUE\s*MOVIE.*$)" strm=""/>
    <channel id="Black and White"							title="(?=Black\s*(and|&amp;)\s*White.*$)" strm=""/>
    <channel id="BRAZZERS TV"								title="(?=Brazzers.*$)" strm=""/>
    <channel id="CZ XXX"									title="(?=CZ\s*XXX.*$)" strm=""/>
    <channel id="CentoxCento"								title="(?=Cento\s*x.*$)" strm=""/>
    <channel id="Chat Box"									title="(?=Chat\s*Box.*$)" strm=""/>
    <channel id="Climax"									title="(?=Climax.*$)" strm=""/>
    <channel id="Dorcel"									title="(?=Dorcel.*$)" strm=""/>
	<channel id="Dusk TV"									title="(?=Dusk.*$)" strm=""/>
	<channel id="Evil Angel"								title="(?=Evil\s*Angel.*$)" strm=""/>
    <channel id="Exotica"									title="(?=Exotica.*$)" strm=""/>
	<channel id="French Lover" 								title="(?=French\s*Lover(\s*TV)?(\s*HD)?$)" strm=""/>
    <channel id="Get Lucky"									title="(?=Get\s*Lucky.*$)" strm=""/>
    <channel id="HOT CLUB 1"								title="(?=HOT\s*CLUB\s*1(\s*TV)?(\s*HD)?$)" strm=""/>
    <channel id="HOT CLUB 2"								title="(?=HOT\s*CLUB\s*2.*$)" strm=""/>
    <channel id="HOT CLUB 3"								title="(?=HOT\s*CLUB\s*3.*$)" strm=""/>
    <channel id="HOT CLUB 4"								title="(?=HOT\s*CLUB\s*4.*$)" strm=""/>
    <channel id="HOT CLUB 5"								title="(?=HOT\s*CLUB\s*5.*$)" strm=""/>
    <channel id="HOT CLUB 6"								title="(?=HOT\s*CLUB\s*6.*$)" strm=""/>
    <channel id="HOT CLUB 7"								title="(?=HOT\s*CLUB\s*7.*$)" strm=""/>
    <channel id="HOT CLUB 8"								title="(?=HOT\s*CLUB\s*8.*$)" strm=""/>
    <channel id="HOT CLUB 9"								title="(?=HOT\s*CLUB\s*9.*$)" strm=""/>
    <channel id="HOT CLUB 10"								title="(?=HOT\s*CLUB\s*10.*$)" strm=""/>
	<channel id="HOT TV"									title="(?=HOT\s*TV.*$)" strm=""/>
    <channel id="Hustler TV"								title="(?=Hustler.*$)" strm=""/>
	<channel id="Jazmin TV"									title="(?=Jazmin.*$)" strm=""/>
	<channel id="Leo TV"									title="(?=Leo\s*TV.*$)" strm=""/>
    <channel id="Lucky Star"								title="(?=Lucky\s*Star.*$)" strm=""/>
    <channel id="Meiden Van Holland Hard"					title="(?=Meiden\s*Van\s*Holland\s*Hard.*$)" strm=""/>
    <channel id="Mums"										title="(?=Mums.*$)" strm=""/>
    <channel id="PassionXXX"								title="(?=Passion\s*XXX.*$)" strm=""/>
    <channel id="Penthouse 1"								title="(?=Penthouse\s*1.*$)" strm=""/>
    <channel id="Penthouse 2"								title="(?=Penthouse\s*2.*$)" strm=""/>
    <channel id="Pink Erotik 1"								title="(?=Pink\s*Erotik\s*1.*$)" strm=""/>
    <channel id="Pink Erotik 2"								title="(?=Pink\s*Erotik\s*2.*$)" strm=""/>
    <channel id="Pink Erotik 3"								title="(?=Pink\s*Erotik\s*3.*$)" strm=""/>
    <channel id="Pink Erotik 4"								title="(?=Pink\s*Erotik\s*4.*$)" strm=""/>
    <channel id="Pinko"										title="(?=Pink\s*o.*$)" strm=""/>
    <channel id="Play 19"									title="(?=Play\s*19.*$)" strm=""/>
    <channel id="Playboy TV"								title="(?=Playboy\s*TV.*$)" strm=""/>
	<channel id="Porno TV" 									title="(?=Porno\s*(\s*TV)?(\s*HD)?$)" strm=""/>
	<channel id="Private TV"								title="(?=Private.*$)" strm=""/>
    <channel id="Reality Kings"								title="(?=Reality\s*Kings.*$)" strm=""/>
    <channel id="Red Gazelle"								title="(?=Red\s*Gazelle.*$)" strm=""/>
	<channel id="Red Light"									title="(?=Red\s*Light.*$)" strm=""/>
	<channel id="SCT TV"									title="(?=SCT.*$)" strm=""/>
    <channel id="Sexto Senso"								title="(?=Sexto\s*Senso.*$)" strm=""/>
    <channel id="Storm"										title="(?=Storm.*$)" strm=""/>
    <channel id="Studio 66 2"								title="(?=Studio\s*66\s*2.*$)" strm=""/>
    <channel id="Studio 66 3"								title="(?=Studio\s*66\s*3.*$)" strm=""/>
    <channel id="Super One"									title="(?=Super\s*One.*$)" strm=""/>
    <channel id="T Girls"									title="(?=T\s*Girls.*$)" strm=""/>
    <channel id="The X"										title="(?=The\s*X.*$)" strm=""/>
    <channel id="Ticket"									title="(?=Ticket.*$)" strm=""/>
    <channel id="VIVID"										title="(?=VIVID.*$)" strm=""/>
    <channel id="Venus"										title="(?=Venus.*$)" strm=""/>
    <channel id="XXL"										title="(?=XXL.*$)" strm=""/>
    <channel id="XXX"										title="(?=XXX(\s*TV)?(\s*HD)?$)" strm=""/>
    <channel id="XXX Asia"									title="(?=XXX\s*Asia.*$)" strm=""/>
    <channel id="XXX Russia"								title="(?=XXX\s*Russia.*$)" strm=""/>
</map>