<?xml version="1.0" encoding="UTF-8"?>
<map id="base serbian" version="1.0" strm="">	
	<channel id="N1 SRB"									title="(?=N\s*1(\s*HD)?\s*ex(\s*)?(\s*\-)?Yu$)" strm=""/>

	<category name="Movie" 									tags="Akcija|Avantura|Drama|Film|Horror|Komedija|Kriminal|Movie|Romantika|Triler Avant|Triler Avantura|Triler Dok|Triler Dokumentaran|Triler Dram|Triler Drama|Triler Fant|Triler Hor|Triler Horror|Triler Krim|Triler Kriminal|Triler Rat|Triler Roman|Triler Romantika"/>
	<category name="Series" 								tags="Sapun|Serijski Film|Sf|Telenovela"/>
	<category name="Information" 							tags="Informacija|Informativno Politički Program|Magacin|News|Show Magacin|Vijesti"/>
	<category name="Entertainment" 							tags="Show Glazba|Glazba|Glazbeni Program|Informativno Zabavni Program|Melodija|Reality Program|Reality Show|Show Zabava|Zabava|Zabavni Program"/>
	<category name="Document" 								tags="Documentary|Dokumentaran|Dokumentarni Film|Rat|Znanstveno Popularni Program"/>
	<category name="Kids" 									tags="Animacija|Dječ|Dječji Program|Tinejdž"/>
	<category name="Sport" 									tags="Sport|Sports|Sportski Program"/>
	<category name="Interactive Entertainment" 				tags="Kulinar|Kultur|Kulturno Umjetnički Program|Lajfstajl|Lifestyle|Obraz|Pol|Pov|Program Za Slobodno Vrijeme|Reality Kulinar|Religijski Program|Talk Show Kulinar|Vjera|$ADDON[script.mtvguide 30163]"/>
</map>