<?xml version="1.0" encoding="UTF-8"?>
<map id="base french" version="1.0" strm="">
	<channel id="13eME RUE FR" 								title="(?=13.?ME\s*RUE(\s*TV)?(\s*HD)?\s*FR$)" strm=""/>
	<channel id="6TER FR" 									title="(?=6TER(\s*TV)?(\s*HD)?\s*FR$)" strm=""/>
	<channel id="À La Deux FR" 								title="(?=(A)?\s*La\s*Deux(\s*TV)?(\s*HD)?\s*FR$)" strm=""/>
	<channel id="À La Trois FR" 							title="(?=(A)?\s*La\s*Trois(\s*TV)?(\s*HD)?\s*FR$)" strm=""/>
	<channel id="À La Une FR" 								title="(?=(A)?\s*La\s*Une(\s*TV)?(\s*HD)?\s*FR$)" strm=""/>
	<channel id="AB MOTEURS FR" 							title="(?=AB\s*MOTEURS(\s*TV)?(\s*HD)?\s*FR$)" strm=""/>
	<channel id="AB1 FR" 									title="(?=AB\s*1(\s*TV)?(\s*HD)?\s*FR$)" strm=""/>
	<channel id="AB3 FR" 									title="(?=AB\s*3(\s*TV)?(\s*HD)?\s*FR$)" strm=""/>
	<channel id="AB4 FR" 									title="(?=AB\s*4(\s*TV)?(\s*HD)?\s*FR$)" strm=""/>
	<channel id="ACTION FR" 								title="(?=ACTION(\s*TV)?(\s*HD)?\s*FR$)" strm=""/>
	<channel id="ANIMAUX FR" 								title="(?=ANIMAUX(\s*TV)?(\s*HD)?\s*FR$)" strm=""/>
	<channel id="ARTE FR" 									title="(?=Arte(\s*TV)?(\s*HD)?\s*FR$)" strm=""/>
	<channel id="ASTROCENTER TV FR" 						title="(?=ASTROCENTER(\s*TV)?(\s*HD)?\s*FR$)" strm=""/>
	<channel id="Al Jazeera FR" 							title="(?=Al\s*Jazeera(\s*TV)?(\s*HD)?\s*FR$)" strm=""/>
	<channel id="Alsace 20 FR" 								title="(?=Alsace\s*20(\s*TV)?(\s*HD)?\s*FR$)" strm=""/>
	<channel id="Altice Studio FR" 							title="(?=Altice\s*Studio(\s*TV)?(\s*HD)?\s*FR$)" strm=""/>
	<channel id="BBC WORLD NEWS FR" 						title="(?=BBC(\s*WORLD)?\s*NEWS(\s*TV)?(\s*HD)?\s*FR$)" strm=""/>
	<channel id="BEIN SPORTS 1 FR" 							title="(?=BEIN\s*SPORTS\s*1(\s*TV)?(\s*HD)?\s*FR$)" strm=""/>
	<channel id="BEIN SPORTS 2 FR" 							title="(?=BEIN\s*SPORTS\s*2(\s*TV)?(\s*HD)?\s*FR$)" strm=""/>
	<channel id="BEIN SPORTS 3 FR" 							title="(?=BEIN\s*SPORTS\s*3(\s*TV)?(\s*HD)?\s*FR$)" strm=""/>
	<channel id="BEIN SPORTS MAX 4 FR" 						title="(?=BEIN\s*SPORTS\s*MAX\s*4(\s*TV)?(\s*HD)?\s*FR$)" strm=""/>
	<channel id="BEIN SPORTS MAX 5 FR" 						title="(?=BEIN\s*SPORTS\s*MAX\s*5(\s*TV)?(\s*HD)?\s*FR$)" strm=""/>
	<channel id="BEIN SPORTS MAX 6 FR" 						title="(?=BEIN\s*SPORTS\s*MAX\s*6(\s*TV)?(\s*HD)?\s*FR$)" strm=""/>
	<channel id="BEIN SPORTS MAX 7 FR" 						title="(?=BEIN\s*SPORTS\s*MAX\s*7(\s*TV)?(\s*HD)?\s*FR$)" strm=""/>
	<channel id="BEIN SPORTS MAX 8 FR" 						title="(?=BEIN\s*SPORTS\s*MAX\s*8(\s*TV)?(\s*HD)?\s*FR$)" strm=""/>
	<channel id="BEIN SPORTS MAX 9 FR" 						title="(?=BEIN\s*SPORTS\s*MAX\s*9(\s*TV)?(\s*HD)?\s*FR$)" strm=""/>
	<channel id="BEIN SPORTS MAX 10 FR" 					title="(?=BEIN\s*SPORTS\s*MAX\s*10(\s*TV)?(\s*HD)?\s*FR$)" strm=""/>
	<channel id="BET FR" 									title="(?=BET(\s*TV)?(\s*HD)?\s*FR$)" strm=""/>
	<channel id="BFM BUSINESS FR" 							title="(?=BFM\s*BUSINESS(\s*TV)?(\s*HD)?\s*FR$)" strm=""/>
	<channel id="BFM TV FR" 								title="(?=BFM(\s*TV)?(\s*HD)?\s*FR$)" strm=""/>
	<channel id="BOING FR" 									title="(?=BOING(\s*TV)?(\s*HD)?\s*FR$)" strm=""/>
	<channel id="BOOMERANG FR" 								title="(?=Boomerang(\s*TV)?(\s*HD)?\s*FR$)" strm=""/>
	<channel id="BRAVA FR" 									title="(?=BRAVA(\s*TV)?(\s*HD)?\s*FR$)" strm=""/>
	<channel id="Baby TV FR" 								title="(?=Baby(\s*TV)?(\s*HD)?\s*FR$)" strm=""/>
	<channel id="Bloomberg TV FR" 							title="(?=Bloomberg(\s*TV)?(\s*HD)?\s*FR$)" strm=""/>
	<channel id="C8 FR" 									title="(?=C8(\s*TV)?(\s*HD)?\s*FR$)" strm=""/>
	<channel id="CANAL J FR" 								title="(?=CANAL\s*J(\s*TV)?(\s*HD)?\s*FR$)" strm=""/>
	<channel id="CANAL+ CINÉMA FR" 							title="(?=(CANAL|C)\s*(\+|PLUS)?\s*CIN.?MA(\s*TV)?(\s*HD)?\s*FR$)" strm=""/>
	<channel id="CANAL+ DÉCALÉ FR" 							title="(?=(CANAL|C)\s*(\+|PLUS)?\s*D.?CAL.?(\s*TV)?(\s*HD)?\s*FR$)" strm=""/>
	<channel id="CANAL+ FAMILY FR" 							title="(?=(CANAL|C)\s*(\+|PLUS)?\s*FAMILY(\s*TV)?(\s*HD)?\s*FR$)" strm=""/>
	<channel id="CANAL+ SPORT FR" 							title="(?=(CANAL|C)\s*(\+|PLUS)?\s*SPORT(\s*1)?(\s*TV)?(\s*HD)?\s*FR$)" strm=""/>
	<channel id="CANAL+ SÉRIES FR" 							title="(?=(CANAL|C)\s*(\+|PLUS)?\s*S.?RIES(\s*TV)?(\s*HD)?\s*FR$)" strm=""/>
	<channel id="CANAL+ FR" 								title="(?=(Canal|C)\s*(\+|PLUS)?(\s*TV)?(\s*HD)?\s*FR$)" strm=""/>
	<channel id="CARTOON NETWORK FR" 						title="(?=CARTOON\s*NETWORK(\s*TV)?(\s*HD)?\s*FR$)" strm=""/>
	<channel id="CBBC FR" 									title="(?=CBBC(\s*TV)?(\s*HD)?\s*FR$)" strm=""/>
	<channel id="CHASSE ET PÊCHE FR" 						title="(?=CHASSE\s*ET\s*P.?CHE(\s*TV)?(\s*HD)?\s*FR$)" strm=""/>
	<channel id="CHÉRIE 25 FR" 								title="(?=CH.?RIE(\s*25)?(\s*TV)?(\s*HD)?\s*FR$)" strm=""/>
	<channel id="CNEWS FR" 									title="(?=CNEWS(\s*TV)?(\s*HD)?\s*FR$)" strm=""/>
	<channel id="CNN FR" 									title="(?=CNN(\s*TV)?(\s*HD)?\s*FR$)" strm=""/>
	<channel id="CSTAR FR" 									title="(?=CSTAR(\s*TV)?(\s*HD)?\s*FR$)" strm=""/>
	<channel id="Canal 32 FR" 								title="(?=Canal\s*32(\s*TV)?(\s*HD)?\s*FR$)" strm=""/>
	<channel id="Ciné FX FR" 								title="(?=Cin.?\s*(\+|PLUS)?\s*FX(\s*TV)?(\s*HD)?\s*FR$)" strm=""/>
	<channel id="Ciné Polar FR" 							title="(?=Cin.?\s*(\+|PLUS)?\s*Polar(\s*TV)?(\s*HD)?\s*FR$)" strm=""/>
	<channel id="Ciné+ Classic FR" 							title="(?=Cin.?\s*(\+|PLUS)?\s*Classic(\s*TV)?(\s*HD)?\s*FR$)" strm=""/>
	<channel id="Ciné+ Club FR" 							title="(?=Cin.?\s*(\+|PLUS)?\s*Club(\s*TV)?(\s*HD)?\s*FR$)" strm=""/>
	<channel id="Ciné+ Famiz FR" 							title="(?=Cin.?\s*(\+|PLUS)?\s*Famiz(\s*TV)?(\s*HD)?\s*FR$)" strm=""/>
	<channel id="Ciné+ Frisson FR" 							title="(?=Cin.?\s*(\+|PLUS)?\s*Frisson(\s*TV)?(\s*HD)?\s*FR$)" strm=""/>
	<channel id="Ciné+ Premier FR" 							title="(?=Cin.?\s*(\+|PLUS)?\s*Premier(\s*TV)?(\s*HD)?\s*FR$)" strm=""/>
	<channel id="Ciné+ Émotion FR" 							title="(?=Cin.?\s*(\+|PLUS)?\s*.?motion(\s*TV)?(\s*HD)?\s*FR$)" strm=""/>
	<channel id="Club RTL FR" 								title="(?=Club\s*RTL(\s*TV)?(\s*HD)?\s*FR$)" strm=""/>
	<channel id="DISNEY CHANNEL FR" 						title="(?=DISNEY\s*CHANNEL(\s*TV)?(\s*HD)?\s*FR$)" strm=""/>
	<channel id="DISNEY CINEMA FR" 							title="(?=DISNEY\s*CIN.?MA(\s*TV)?(\s*HD)?\s*FR$)" strm=""/>
	<channel id="DISNEY XD FR" 								title="(?=DISNEY\s*XD(\s*TV)?(\s*HD)?\s*FR$)" strm=""/>
	<channel id="Discovery Channel FR" 						title="(?=Discovery\s*Channel(\s*HD)?\s*FR$)" strm=""/>
	<channel id="Discovery Investigation FR" 				title="(?=(ID|Discovery)\s*(Investigation)?(\s*HD)?\s*FR$)" strm=""/>
	<channel id="Discovery Science FR" 						title="(?=Discovery\s*Science(\s*HD)?\s*FR$)" strm=""/>
	<channel id="E! Entertainment FR" 						title="(?=E(!)?(\s*Entertainment)?(\s*TV)?(\s*HD)?\s*FR$)" strm=""/>
	<channel id="EQUIDIA LIVE FR" 							title="(?=EQUIDIA\s*LIVE(\s*TV)?(\s*HD)?\s*FR$)" strm=""/>
	<channel id="EURONEWS FR" 								title="(?=EURONEWS(\s*TV)?(\s*HD)?\s*FR$)" strm=""/>
	<channel id="EUROSPORT 1 FR" 							title="(?=Euro\s*sport(\s*1)?(\s*TV)?(\s*HD)?\s*FR$)" strm=""/>
	<channel id="EUROSPORT 2 FR" 							title="(?=Euro\s*sport\s*2(\s*TV)?(\s*HD)?\s*FR$)" strm=""/>
	<channel id="EUROSPORT 360 1 FR" 						title="(?=Euro\s*sport\s*360(\s*1)?(\s*TV)?(\s*HD)?\s*FR$)" strm=""/>
	<channel id="EUROSPORT 360 2 FR" 						title="(?=Euro\s*sport\s*360\s*2(\s*TV)?(\s*HD)?\s*FR$)" strm=""/>
	<channel id="EUROSPORT 360 3 FR" 						title="(?=Euro\s*sport\s*360\s*3(\s*TV)?(\s*HD)?\s*FR$)" strm=""/>
	<channel id="EUROSPORT 360 4 FR"						title="(?=Euro\s*sport\s*360\s*4(\s*TV)?(\s*HD)?\s*FR$)" strm=""/>
	<channel id="EUROSPORT 360 5 FR" 						title="(?=Euro\s*sport\s*360\s*5(\s*TV)?(\s*HD)?\s*FR$)" strm=""/>
	<channel id="EUROSPORT 360 6 FR" 						title="(?=Euro\s*sport\s*360\s*6(\s*TV)?(\s*HD)?\s*FR$)" strm=""/>
	<channel id="EUROSPORT 360 7 FR" 						title="(?=Euro\s*sport\s*360\s*7(\s*TV)?(\s*HD)?\s*FR$)" strm=""/>
	<channel id="EUROSPORT 360 8 FR" 						title="(?=Euro\s*sport\s*360\s*8(\s*TV)?(\s*HD)?\s*FR$)" strm=""/>
	<channel id="EXTREME SPORTS FR" 						title="(?=EXTREME\s*SPORTS(\s*TV)?(\s*HD)?\s*FR$)" strm=""/>
	<channel id="Eurochannel FR" 							title="(?=Eurochannel(\s*TV)?(\s*HD)?\s*FR$)" strm=""/>
	<channel id="FOOT+ 24/24 FR" 							title="(?=FOOT\s*(\+|PLUS)?(\s*24)?(\s*TV)?(\s*HD)?\s*FR$)" strm=""/>
	<channel id="FRANCE 2 FR" 								title="(?=FRANCE\s*2(\s*TV)?(\s*HD)?\s*FR$)" strm=""/>
	<channel id="FRANCE 24 FR" 								title="(?=FRANCE\s*24(\s*TV)?(\s*HD)?\s*FR$)" strm=""/>
	<channel id="FRANCE 3 FR" 								title="(?=FRANCE\s*3(\s*TV)?(\s*HD)?\s*FR$)" strm=""/>
	<channel id="FRANCE 4 FR" 								title="(?=FRANCE\s*4(\s*TV)?(\s*HD)?\s*FR$)" strm=""/>
	<channel id="FRANCE 5 FR" 								title="(?=FRANCE\s*5(\s*TV)?(\s*HD)?\s*FR$)" strm=""/>
	<channel id="FRANCE INFO FR" 							title="(?=FRANCE\s*INFO(\s*TV)?(\s*HD)?\s*FR$)" strm=""/>
	<channel id="FRANCE Ô FR" 								title="(?=FRANCE\s*O(\s*TV)?(\s*HD)?\s*FR$)" strm=""/>
	<channel id="GAME ONE FR" 								title="(?=GAME\s*ONE(\s*TV)?(\s*HD)?\s*FR$)" strm=""/>
	<channel id="GIRONDINS TV FR" 							title="(?=GIRONDINS(\s*TV)?(\s*HD)?\s*FR$)" strm=""/>
	<channel id="GOLF+ FR" 									title="(?=GOLF\s*(\+|PLUS)?(\s*TV)?(\s*HD)?\s*FR$)" strm=""/>
	<channel id="GULLI FR" 									title="(?=GULLI(\s*TV)?(\s*HD)?\s*FR$)" strm=""/>
	<channel id="Golf Channel FR" 							title="(?=Golf\s*Channel(\s*TV)?(\s*HD)?\s*FR$)" strm=""/>
	<channel id="Gong Max FR" 								title="(?=Gong\s*Max(\s*TV)?(\s*HD)?\s*FR$)" strm=""/>
	<channel id="Grand Lille TV FR" 						title="(?=Grand\s*Lille(\s*TV)?(\s*HD)?\s*FR$)" strm=""/>
	<channel id="HISTOIRE FR" 								title="(?=HISTOIRE(\s*TV)?(\s*HD)?\s*FR$)" strm=""/>
	<channel id="IDF1 FR" 									title="(?=IDF\s*1(\s*TV)?(\s*HD)?\s*FR$)" strm=""/>
	<channel id="J-ONE FR" 									title="(?=(J)?\s*(\-|ONE)?(\s*HD)?\s*FR$)" strm=""/>
	<channel id="KTO FR" 									title="(?=KTO(\s*TV)?(\s*HD)?\s*FR$)" strm=""/>
	<channel id="LA CHAÍNE MÉTÉO FR" 						title="(?=LA\s*CHA.?NE\s*M.?T.?O(\s*TV)?(\s*HD)?\s*FR$)" strm=""/>
	<channel id="LCI FR" 									title="(?=LCI(\s*TV)?(\s*HD)?\s*FR$)" strm=""/>
	<channel id="LCP 100% FR" 								title="(?=LCP\s*100.?(\s*TV)?(\s*HD)?\s*FR$)" strm=""/>
	<channel id="LCP Public Senat FR" 						title="(?=LCP\s*Public\s*S.?nat(\s*TV)?(\s*HD)?\s*FR$)" strm=""/>
	<channel id="LCP FR" 									title="(?=LCP(\s*TV)?(\s*HD)?\s*FR$)" strm=""/>
	<channel id="L´ÉQUIPE FR" 								title="(?=(L.?.?QUIPE|LEQUIPE)(\s*TV)?(\s*HD)?\s*FR$)" strm=""/>
	<channel id="M6 BOUTIQUE FR" 							title="(?=M6\s*BOUTIQUE(\s*TV)?(\s*HD)?\s*FR$)" strm=""/>
	<channel id="M6 Music FR" 								title="(?=M6\s*Music(\s*TV)?(\s*HD)?\s*FR$)" strm=""/>
	<channel id="M6 FR" 									title="(?=M6(\s*TV)?(\s*HD)?\s*FR$)" strm=""/>
	<channel id="MANGAS FR" 								title="(?=MANGAS(\s*TV)?(\s*HD)?\s*FR$)" strm=""/>
	<channel id="MCM FR" 									title="(?=MCM(\s*TV)?(\s*HD)?\s*FR$)" strm=""/>
	<channel id="MÉLODY FR" 								title="(?=M.?LODY(\s*TV)?(\s*HD)?\s*FR$)" strm=""/>
	<channel id="MEZZO LIVE FR" 							title="(?=MEZZO\s*LIVE(\s*TV)?(\s*HD)?\s*FR$)" strm=""/>
	<channel id="MEZZO FR" 									title="(?=MEZZO(\s*TV)?(\s*HD)?\s*FR$)" strm=""/>
	<channel id="MOTORSPORT TV FR" 							title="(?=MOTORSPORT(\s*TV)?(\s*HD)?\s*FR$)" strm=""/>
	<channel id="MTV Dance FR" 								title="(?=MTV\s*Dance(\s*TV)?(\s*HD)?\s*FR$)" strm=""/>
	<channel id="MTV HITS FR" 								title="(?=MTV\s*HITS(\s*TV)?(\s*HD)?\s*FR$)" strm=""/>
	<channel id="MTV Rocks FR" 								title="(?=MTV\s*Rocks(\s*TV)?(\s*HD)?\s*FR$)" strm=""/>
	<channel id="MTV FR" 									title="(?=MTV(\s*TV)?(\s*HD)?\s*FR$)" strm=""/>
	<channel id="MULTISPORTS 1 FR" 							title="(?=MULTISPORTS(\s*1)?(\s*TV)?(\s*HD)?\s*FR$)" strm=""/>
	<channel id="MULTISPORTS 2 FR" 							title="(?=MULTISPORTS\s*2(\s*TV)?(\s*HD)?\s*FR$)" strm=""/>
	<channel id="MULTISPORTS 3 FR" 							title="(?=MULTISPORTS\s*3(\s*TV)?(\s*HD)?\s*FR$)" strm=""/>
	<channel id="MULTISPORTS 4 FR" 							title="(?=MULTISPORTS\s*4(\s*TV)?(\s*HD)?\s*FR$)" strm=""/>
	<channel id="MULTISPORTS 5 FR" 							title="(?=MULTISPORTS\s*5(\s*TV)?(\s*HD)?\s*FR$)" strm=""/>
	<channel id="MULTISPORTS 6 FR" 							title="(?=MULTISPORTS\s*6(\s*TV)?(\s*HD)?\s*FR$)" strm=""/>
	<channel id="MY ZEN TV FR" 								title="(?=MY\s*ZEN(\s*TV)?(\s*HD)?\s*FR$)" strm=""/>
	<channel id="Mirabelle TV FR" 							title="(?=Mirabelle(\s*TV)?(\s*HD)?\s*FR$)" strm=""/>
	<channel id="My Cuisine FR" 							title="(?=My\s*Cuisine(\s*TV)?(\s*HD)?\s*FR$)" strm=""/>
	<channel id="NAT GEO WILD FR" 							title="(?=(Nat|National)\s*(Geo|Geographic)\s*Wild(\s*TV)?(\s*HD)?\s*FR$)" strm=""/>
	<channel id="NATIONAL GEOGRAPHIC FR" 					title="(?=(Nat|National)\s*(Geo|Geographic)(\s*CHANNEL)?(\s*TV)?(\s*HD)?\s*FR$)" strm=""/>
	<channel id="NHK World FR" 								title="(?=NHK\s*World(\s*TV)?(\s*HD)?\s*FR$)" strm=""/>
	<channel id="NICKELODEON TEEN FR" 						title="(?=NICKELODEON\s*TEEN(\s*TV)?(\s*HD)?\s*FR$)" strm=""/>
	<channel id="NICKELODEON FR" 							title="(?=NICKELODEON(\s*TV)?(\s*HD)?\s*FR$)" strm=""/>
	<channel id="NRJ 12 FR" 								title="(?=NRJ\s*12(\s*TV)?(\s*HD)?\s*FR$)" strm=""/>
	<channel id="NRJ HITS FR" 								title="(?=NRJ\s*HITS(\s*TV)?(\s*HD)?\s*FR$)" strm=""/>
	<channel id="NUMÉRO 23 FR" 								title="(?=NUM.?RO\s*23(\s*TV)?(\s*HD)?\s*FR$)" strm=""/>
	<channel id="Nick Jr. FR" 								title="(?=Nick(elodeon)?\s*(Jr|JUNIOR)(\.)?(Polska)?(\s*TV)?(\s*HD)?\s*FR$)" strm=""/>
	<channel id="NoLife FR" 								title="(?=NoLife(\s*TV)?(\s*HD)?\s*FR$)" strm=""/>
	<channel id="OCS CHOC FR" 								title="(?=OCS\s*CHOC(\s*TV)?(\s*HD)?\s*FR$)" strm=""/>
	<channel id="OCS CITY FR" 								title="(?=OCS\s*CITY(\s*TV)?(\s*HD)?\s*FR$)" strm=""/>
	<channel id="OCS GEANTS FR" 							title="(?=OCS\s*GEANTS(\s*TV)?(\s*HD)?\s*FR$)" strm=""/>
	<channel id="OCS MAX FR" 								title="(?=OCS\s*MAX(\s*TV)?(\s*HD)?\s*FR$)" strm=""/>
	<channel id="OL TV FR" 									title="(?=OL(\s*TV)?(\s*HD)?\s*FR$)" strm=""/>
	<channel id="OM TV FR" 									title="(?=OM(\s*TV)?(\s*HD)?\s*FR$)" strm=""/>
	<channel id="PARAMOUNT CHANNEL FR" 						title="(?=PARAMOUNT\s*CHANNEL(\s*TV)?(\s*HD)?\s*FR$)" strm=""/>
	<channel id="PLANETE+ A&amp;E FR" 						title="(?=PLANET(E)?\s*(\+|PLUS)?\s*A&amp;E(\s*TV)?(\s*HD)?\s*FR$)" strm=""/>
	<channel id="PLANETE+ CI FR" 							title="(?=PLANET(E)?\s*(\+|PLUS)?\s*CI(\s*TV)?(\s*HD)?\s*FR$)" strm=""/>
	<channel id="PLANETE+ FR" 								title="(?=PLANET(E)?\s*(\+|PLUS)?(\s*TV)?(\s*HD)?\s*FR$)" strm=""/>
	<channel id="Paris Première FR" 						title="(?=Paris\s*Premi.?re(\s*TV)?(\s*HD)?\s*FR$)" strm=""/>
	<channel id="Plug RTL FR" 								title="(?=Plug\s*RTL(\s*TV)?(\s*HD)?\s*FR$)" strm=""/>
	<channel id="QVC FR" 									title="(?=QVC(\s*TV)?(\s*HD)?\s*FR$)" strm=""/>
	<channel id="RFM TV FR" 								title="(?=RFM(\s*TV)?(\s*HD)?\s*FR$)" strm=""/>
	<channel id="RMC DÉCOUVERTE FR" 						title="(?=RMC\s*D.?COUVERTE(\s*TV)?(\s*HD)?\s*FR$)" strm=""/>
	<channel id="RTL TVI FR" 								title="(?=RTL\s*TVI(\s*TV)?(\s*HD)?\s*FR$)" strm=""/>
	<channel id="RTL9 FR" 									title="(?=RTL9(\s*TV)?(\s*HD)?\s*FR$)" strm=""/>
	<channel id="RTS Deux FR" 								title="(?=RTS\s*Deux(\s*TV)?(\s*HD)?\s*FR$)" strm=""/>
	<channel id="RTS Un FR" 								title="(?=RTS\s*Un(\s*TV)?(\s*HD)?\s*FR$)" strm=""/>
	<channel id="SCIENCE ET VIE TV FR" 						title="(?=SCIENCE\s*ET\s*VIE(\s*TV)?(\s*HD)?\s*FR$)" strm=""/>
	<channel id="SFR Sport 1 FR" 							title="(?=SFR\Sport(\s*1)?(\s*TV)?(\s*HD)?\s*FR$)" strm=""/>
	<channel id="SFR Sport 2 FR" 							title="(?=SFR\Sport\s*2(\s*TV)?(\s*HD)?\s*FR$)" strm=""/>
	<channel id="SFR Sport 3 FR" 							title="(?=SFR\Sport\s*3(\s*TV)?(\s*HD)?\s*FR$)" strm=""/>
	<channel id="SUNDANCE TV FR" 							title="(?=SUNDANCE(\s*TV)?(\s*HD)?\s*FR$)" strm=""/>
	<channel id="SYFY FR" 									title="(?=SYFY(\s*TV)?(\s*HD)?\s*FR$)" strm=""/>
	<channel id="Sky News FR" 								title="(?=Sky\s*News(\s*TV)?(\s*HD)?\s*FR$)" strm=""/>
	<channel id="Sèrie Club FR" 							title="(?=S.?rie\s*Club(\s*TV)?(\s*HD)?\s*FR$)" strm=""/>
	<channel id="TCM CINÉMA FR" 							title="(?=TCM\s*CIN.?MA(\s*TV)?(\s*HD)?\s*FR$)" strm=""/>
	<channel id="TELETOON+ FR" 								title="(?=Teletoon\s*(\+|PLUS)?(\s*TV)?(\s*HD)?\s*FR$)" strm=""/>
	<channel id="TF1 FR" 									title="(?=TF\s*1(\s*TV)?(\s*HD)?\s*FR$)" strm=""/>
	<channel id="TIJI FR" 									title="(?=TIJI(\s*TV)?(\s*HD)?\s*FR$)" strm=""/>
	<channel id="TL7 Saint-Etienne FR" 						title="(?=(TL7)?\s*Saint\s*(\-|Etienne)?(\s*HD)?\s*FR$)" strm=""/>
	<channel id="TLM FR" 									title="(?=TLM(\s*TV)?(\s*HD)?\s*FR$)" strm=""/>
	<channel id="TMC FR" 									title="(?=TMC(\s*TV)?(\s*HD)?\s*FR$)" strm=""/>
	<channel id="TOONAMI FR" 								title="(?=TOONAMI(\s*TV)?(\s*HD)?\s*FR$)" strm=""/>
	<channel id="TOUTE L´HISTOIRE FR" 						title="(?=TOUTE\s*L.?HISTOIRE(\s*TV)?(\s*HD)?\s*FR$)" strm=""/>
	<channel id="TRACE TROPICAL FR" 						title="(?=TRACE\s*TROPICAL(\s*TV)?(\s*HD)?\s*FR$)" strm=""/>
	<channel id="TRACE URBAN FR" 							title="(?=TRACE\s*URBAN(\s*TV)?(\s*HD)?\s*FR$)" strm=""/>
	<channel id="TREK FR" 									title="(?=TREK(\s*TV)?(\s*HD)?\s*FR$)" strm=""/>
	<channel id="TV Breizh FR" 								title="(?=(\s*TV)?\s*Breizh(\s*HD)?\s*FR$)" strm=""/>
	<channel id="TV Sud FR" 								title="(?=TV\s*Sud(\s*HD)?\s*FR$)" strm=""/>
	<channel id="TV Tours FR" 								title="(?=TV\s*Tours(\s*HD)?\s*FR$)" strm=""/>
	<channel id="TV Vendée FR" 								title="(?=TV\s*Vend.?e(\s*HD)?\s*FR$)" strm=""/>
	<channel id="TV5 MONDE FR" 								title="(?=TV5\s*MONDE(\s*TV)?(\s*HD)?\s*FR$)" strm=""/>
	<channel id="TV7 Bordeaux FR" 							title="(?=TV7\s*Bordeaux(\s*TV)?(\s*HD)?\s*FR$)" strm=""/>
	<channel id="TV8 Montblanc FR" 							title="(?=TV8\s*Montblanc(\s*TV)?(\s*HD)?\s*FR$)" strm=""/>
	<channel id="TVR FR" 									title="(?=TVR(\s*TV)?(\s*HD)?\s*FR$)" strm=""/>
	<channel id="Trace Sport Stars FR" 						title="(?=Trace\s*Sport\s*Stars(\s*TV)?(\s*HD)?\s*FR$)" strm=""/>
	<channel id="Télé Grenoble Isère FR" 					title="(?=(Tele|T.?l.?)\s*Grenoble\s*Is.?re(\s*TV)?(\s*HD)?\s*FR$)" strm=""/>
	<channel id="Télé locale Provence FR" 					title="(?=(Tele|T.?l.?)\s*locale\s*Provence(\s*TV)?(\s*HD)?\s*FR$)" strm=""/>
	<channel id="TéléNantes FR" 							title="(?=(Telenates|T.?l.?nantes)(\s*TV)?(\s*HD)?\s*FR$)" strm=""/>
	<channel id="TéléSud FR" 								title="(?=(Telesud|T.?l.?Sud)(\s*TV)?(\s*HD)?\s*FR$)" strm=""/>
	<channel id="Téva FR" 									title="(?=T.?va(\s*TV)?(\s*HD)?\s*FR$)" strm=""/>
	<channel id="USHUAÏA TV FR" 							title="(?=USHUA.?A(\s*TV)?(\s*HD)?\s*FR$)" strm=""/>
	<channel id="VH1 FR" 									title="(?=(VH)?\s*(\-|1)?(\s*HD)?\s*FR$)" strm=""/>
	<channel id="Var Azur FR" 								title="(?=Var\s*Azur(\s*TV)?(\s*HD)?\s*FR$)" strm=""/>
	<channel id="Vivolta FR" 								title="(?=Vivolta(\s*TV)?(\s*HD)?\s*FR$)" strm=""/>
	<channel id="Vosges TV FR" 								title="(?=Vosges(\s*TV)?(\s*HD)?\s*FR$)" strm=""/>
	<channel id="W9 FR" 									title="(?=W9(\s*TV)?(\s*HD)?\s*FR$)" strm=""/>
	<channel id="Wéo FR" 									title="(?=W.?o(\s*TV)?(\s*HD)?\s*FR$)" strm=""/>
	
	<category name="Movie" 									tags="Biographie|Cinéma|Comedy|Comédie|Comédie dramatique|Comédie musicale|Comédie policière|Comédie romantique|Comédie satirique|Comédie sentimentale|Drame|Drame psychologique|Drame social|Erotique|Film|Film Action|Film Animation|Film Aventure|Film Comédie|Film Comédie dramatique|Film Comédie musicale|Film Comédie romantique|Film Comédie sentimentale|Film Court métrage|Film Documentaire|Film Drame|Film Fantastique|Film Guerre|Film Histoire|Film Horreur|Film Jeunesse|Film Policier|Film Science-fiction|Film Suspense|Film Western|Film catastrophe|Film d'action|Film d'animation|Film d'aventures|Film d'espionnage|Film d'horreur|Film d'épouvante|Film de guerre|Film de science-fiction|Film de suspense|Film documentaire|Film fantastique|Film historique|Film musical|Film noir|Film policier|Film pornographique|Film pour la jeunesse|Film à sketches|Film érotique|Humour|Movies|Spectacle Humour|Thriller|Téléfilm Action|Téléfilm Animation|Téléfilm Comédie|Téléfilm Comédie musicale|Téléfilm Comédie sentimentale|Téléfilm Drame|Téléfilm Fantastique|Téléfilm Horreur|Téléfilm Jeunesse|Téléfilm Suspense|Téléfilm biographique|Téléfilm d'horreur|Téléfilm de science-fiction|Téléfilm de suspense|Téléfilm dramatique|Téléfilm fantastique|Téléfilm humoristique|Téléfilm policier|Téléfilm pour la jeunesse|Téléfilm sentimental|Western"/>
	<category name="Series" 								tags="Feuilleton réaliste|Feuilleton sentimental|Série Action|Série Animation|Série Autre|Série Comédie dramatique|Série Drame|Série Erotique|Série Fantastique|Série Guerre|Série Histoire|Série Humour|Série Hôpital|Série Jeunesse|Série Judiciaire|Série Musicale|Série Policière|Série Science-fiction|Série Suspense|Série burlesque|Série culinaire|Série d'action|Série d'animation|Série d'aventures|Série d'horreur|Série de science-fiction|Série de suspense|Série de téléréalité|Série dramatique|Série fantastique|Série hospitalière|Série humoristique|Série jeunesse|Série judiciaire|Série marionnettes|Série policière|Série réaliste|Série sentimentale"/>
	<category name="Information" 							tags="Current Affairs|Débat|Débat parlementaire|Débat2018|Economie|Emission musicale|Emission politique|Emission religieuse|Emission spéciale|Emission spéciale2018|Interview|Journal|Justice|Mag. Actualités|Mag. Actualités2018|Mag. Animalier|Mag. Art de vivre|Mag. Basket-ball|Mag. Cinéma|Mag. Culinaire|Mag. Culture|Mag. Découvertes|Mag. Economie|Mag. Environnement|Mag. Equitation|Mag. Football|Mag. Gastronomie|Mag. Golf|Mag. Histoire|Mag. Infos|Mag. Jeunesse|Mag. Judiciaire|Mag. Lettres|Mag. Loisirs|Mag. Mode &amp; Tendance|Mag. Multimedia|Mag. Musique|Mag. Nature|Mag. Politique|Mag. Politique2017|Mag. Politique2018|Mag. Pêche et Chasse|Mag. Rugby|Mag. Santé|Mag. Sciences et Techniques|Mag. Services|Mag. Société|Mag. Sport|Mag. Sports mécaniques|Mag. Voyage|Magazine culinaire|Magazine culturel|Magazine d'actualité|Magazine d'information|Magazine de charme|Magazine de découvertes|Magazine de géopolitique|Magazine de l'art de vivre|Magazine de l'automobile|Magazine de l'emploi|Magazine de l'environnement|Magazine de l'économie|Magazine de la décoration|Magazine de la femme|Magazine de la gastronomie|Magazine de la mer|Magazine de la mode|Magazine de la nature|Magazine de la santé|Magazine de reportages|Magazine de services|Magazine de société|Magazine de télé-achat|Magazine des beaux-arts|Magazine des loisirs|Magazine des médias|Magazine du bricolage|Magazine du cinéma|Magazine du consommateur|Magazine du court métrage|Magazine du jardinage|Magazine du jeu vidéo|Magazine du multimédia|Magazine du show-biz|Magazine du tourisme|Magazine historique|Magazine jeunesse|Magazine judiciaire|Magazine littéraire|Magazine musical|Magazine médical|Magazine politique|Magazine religieux|Magazine régional|Magazine scientifique|Magazine sportif|Météo|News|News &amp; Documentaries|Politique|Société"/>
	<category name="Entertainment" 							tags="Divertissement|Divertissement humour|Divertissement-humour|Entertainment|Jazz|Jeu|Musique|Musique classique|Médias|One Man Show|Property|Rap|Soap|Spectacle|Spectacle Humour2016|Talk show|Talk show2017|Téléachat|Téléréalité"/>
	<category name="Document" 								tags="Animalier|Civilisations|Culture|Doc. Animalier|Doc. Aventure|Doc. Cinéma|Doc. Civilisations|Doc. Culture|Doc. Découvertes|Doc. Découvertes2018|Doc. Economie|Doc. Environnement|Doc. Fiction|Doc. Gastronomie|Doc. Histoire|Doc. Judiciaire|Doc. Musique|Doc. Nature|Doc. Pêche et Chasse|Doc. Pêche et Chasse2015|Doc. Santé|Doc. Sciences et Techniques|Doc. Société|Doc. Sport|Doc. Voyage|Documentary|Découvertes|Education|Environnement|Géopolitique|Handisport|Histoire|JT sport|Magazine animalier|Magazine de la chasse|Magazine éducatif|Nature|Religions|Santé|Science|Sciences et technique"/>
	<category name="Kids" 									tags="Children|Childrens|Court métrage|Court métrage d'animation|Court métrage dramatique|Dessin Animé|Dessin animé|Dessin animé Animaux &amp; Nature|Dessin animé Autre|Dessin animé Chanson et Comptines|Dessin animé Imagination et créativité|Dessin animé Jeux de devinette|Dessin animé Musique|Dessin animé Premiers concepts|Dessin animé Programme interactif|Dessin animé Se Faire Des Amis|Dessin animé d'animation|Dessin animé humoristique|Dessin animé jeunesse|Dessin animé manga|Emission jeunesse|Manga|Téléfilm d'animation"/>
	<category name="Sport" 									tags="Arts martiaux|Automobilisme|Aventures|BMX|Ballet|Ballet2013|Ballet2017|Basket-ball|Biathlon|Boxe|Catch|Chasse|Cyclisme|Equitation|Escalade|Football|Football américain|Free Fight|Golf|Handball|Hippisme|Hockey sur glace|Magazine hippique|Motocross|Motocross freestyle|Multisports|Natation|Patinage artistique|Pêche|Quad|Rallycross|Rugby|Ski|Ski de fond|Ski freestyle|Snowboard|Sport|Sport Extrême|Sport Mécanique|Sport d'hiver|Sports de combat|Sports de glisse|Sports extrêmes|Sports fun|Sports mécaniques|Surf|Tennis"/>
	<category name="Interactive Entertainment" 				tags="Arts|Autre|Beaux-arts|Blues &amp; Soul|Classique|Clips|Clips2017|Concert Classique|Concert Classique2014|Concert Classique2017|Concert Jazz|Concert Jazz2014|Concert Jazz2015|Concert Variétés|Concert Variétés2014|Concert Variétés2017|Contemporain|Divers|Emission du bien-être|Essai|Fin|Fitness|Food|Gastronomie|Lettres|Lifestyle|Loterie|Music|Music &amp; Radio|Mélodrame|Opéra|Opéra bouffe|Opéra2016|Oratorio|Pop &amp; Rock|Programme indéterminé|Péplum|Rodéo|Specialist|Variétés|Voyage|Voyance"/>
</map>