<?xml version="1.0" encoding="UTF-8" standalone="yes"?>
<addon id="script.qwer.buildmap"
  name="BUILD MAP"
  version="1.1" 
  provider-name="QWER">
  <requires>
    <import addon="xbmc.python" version="2.1.0"/>
  </requires>
  <extension point="xbmc.python.script" library="addon.py">
    <provides>executable</provides>
  </extension>
  <extension point="xbmc.addon.metadata">
    <platform>all</platform>
    <summary lang="en">BUILD MAP</summary>
    <description lang="en">BUILD MAP</description>
	<disclaimer>BUILD MAP</disclaimer>
  </extension>
</addon>
