<?xml version="1.0" encoding="UTF-8" standalone="yes"?>
<addon id="plugin.video.goldvodcom" version="3.0.0" name="GOLDVODCOM" provider-name="GoldVodCOM">
	<requires>
		<import addon="xbmc.python" version="2.1.0"/>
		<import addon="script.module.simplejson" version="2.0.10"/>
	</requires>
	<extension point="xbmc.python.pluginsource" library="addon.py">
		<provides>video</provides>
	</extension>
	<extension point="xbmc.addon.metadata">
		<summary>GoldVOD.com - movies, series, cabarets online</summary>
		<summary lang="pl">GoldVOD.com - filmy, seriale, kabarety online</summary>
		<description>GoldVOD.com - movies, series, cabarets online</description>
		<description lang="pl">GoldVOD.com - filmy, seriale, kabarety online</description>
		<disclaimer>GoldVOD.com - movies, series, cabarets online</disclaimer>
		<disclaimer lang="pl">GoldVOD.com - filmy, seriale, kabarety online</disclaimer>
		<platform>all</platform>
	</extension>
</addon>