<?xml version="1.0" encoding="UTF-8" standalone="yes"?>
<addon id="repository.kodiver" name="kodiver kodi/xbmc repository" version="0.1" provider-name="kodiver">
    <extension point="xbmc.addon.repository" name="kodiver kodi/xbmc repository">
        <dir>
	    <info compressed="false">http://kodiwpigulce.pl/kodiver/addons.xml</info>
	    <checksum>http://kodiwpigulce.pl/kodiver/addons.xml.md5</checksum>
	    <datadir zip="true">http://kodiwpigulce.pl/kodiver/</datadir>
        </dir>
    </extension>
    <extension point="xbmc.addon.metadata">
        <summary>kodiver kodi/xbmc repository</summary>
        <summary lang="en">Kodiver addons repository.</summary>
        <description>Addons repository.</description>
        <disclaimer>Are you using? Please donate.</disclaimer>
        <platform>all</platform>
        <website>http://kodiver.github.io</website>
        <email></email>
    </extension>
</addon>
