<?xml version="1.0" encoding="UTF-8" standalone="yes"?>
<addon id="plugin.video.motorreplays" name="[COLORyellow]Motor Replays[/COLOR]" version="3.2" provider-name="@Aleighty80">
  <requires>
    <import addon="script.module.python.koding.aio" version="0.9.6.6" />
        <import addon="script.module.beautifulsoup" version="3.2.1" />
        <import addon="script.module.requests" version="2.9.1" />
        <import addon="script.module.addon.common" version="2.0.0" />
        <import addon="script.module.xmltodict" version="0.9.0" />
        <import addon="xbmc.python" version="2.1.0"/>
        <import addon="script.module.simplejson" version="3.3.0"/>
        <import addon="script.module.urlresolver"  version="2.1.2"/>
        <import addon="script.module.resolveurl" version="5.0.00"/>
        <import addon="script.module.liveresolver" version="0.1.43"/>
        <import addon="script.common.plugin.cache" version="2.5.2"/>
        <import addon="script.module.metahandler" version="2.5.1"/>
        <import addon="plugin.video.youtube" optional="true" />
  </requires>
  <extension point="xbmc.python.pluginsource" library="default.py">
        <provides>video</provides>
  </extension>
  <extension point="xbmc.addon.metadata">
  <reuselanguageinvoker>false</reuselanguageinvoker>
    <summary lang="en">[COLOR yellow]An addon specifically made for motorsports fans[/COLOR]</summary>
    <description lang="en">The Home of MOTOR REPLAYS by @Aleighty80</description>
    <platform>all</platform>
  </extension>
</addon>

