<?xml version="1.0" encoding="UTF-8" standalone="yes"?>
<addon id="script.qwer.premiumlink"
  name="PREMIUM TV"
  version="1.1" 
  provider-name="QWER">
  <requires>
    <import addon="xbmc.python" version="2.1.0"/>
  </requires>
  <extension point="xbmc.python.script" library="addon.py">
    <provides>executable</provides>
  </extension>
  <extension point="xbmc.addon.metadata">
    <platform>all</platform>
    <summary lang="en">PREMIUM TV</summary>
    <description lang="en">PREMIUM TV</description>
	<disclaimer>PREMIUM TV</disclaimer>
  </extension>
</addon>
