<?xml version="1.0" encoding="UTF-8" standalone="yes" ?>
<addon id="plugin.video.eskago" name="eskaGO" version="0.0.2" provider-name="c0d34fun">
    <requires>
        <import addon="xbmc.python" version="2.25.0"/>
        <import addon="script.module.requests" version="2.12.4"/>
    </requires>
    <extension point="xbmc.python.pluginsource" library="addon.py">
        <provides>video</provides>
    </extension>
    <extension point="xbmc.addon.metadata">
        <description lang="en">Watch eskaGO</description>
        <disclaimer lang="en">This is not an official plugin! If the official application is available for your
            platform, use it instead of this plugin. All rights to the content are reserved by Grupa ZPR Media.
        </disclaimer>
        <summary lang="en">eskaGO</summary>
        <description lang="en">Watch eskaGO in Kodi!</description>
        <disclaimer lang="en">This is not an official plugin! If the official application is available for your
            platform, use it instead of this plugin. All rights to the content are reserved by Grupa ZPR Media.
        </disclaimer>
        <language>pl</language>
        <platform>all</platform>
        <license>GNU GENERAL PUBLIC LICENSE. Version 2, June 1991</license>
        <website>https://www.eskago.pl</website>
        <assets>
            <icon>resources/icon.png</icon>
        </assets>
    </extension>
</addon>
