<?xml version="1.0" encoding="UTF-8" standalone="yes"?>
<addon id="plugin.audio.open_FM"
       name="Open FM"
       version="2.0.1"
       provider-name="pajretX">
  <extension point="xbmc.python.pluginsource"
            library="default.py">
        <provides>audio</provides>
  </extension>
  <extension point="xbmc.addon.metadata">
    <summary>Otwórz się na muzykę z OPEN.FM</summary>
    <description>Stream radia ze strony open.fm</description>
    <platform>all</platform>
  </extension>
</addon>
