<?xml version="1.0" encoding="UTF-8" standalone="yes"?>
<addon id="plugin.video.kodiver.wizjatv" name="WizjaTV" version="0.47" provider-name="kodiver">
    <requires>
        <import addon="xbmc.python" version="2.1.0" optional="true"/>
        <import addon="script.module.beautifulsoup4" version="4.3.2"/>
        <import addon="script.module.requests"/>
    </requires>
    <extension point="xbmc.python.pluginsource" library="addon.py">
        <provides>video</provides>
    </extension>
    <extension point="xbmc.addon.metadata">
        <summary>Wizja.TV - Polish TV</summary>
        <summary lang="pl">Wizja.TV - Polska telewizja</summary>
        <description>Polish TV</description>
        <description lang="pl">Polska telewizja</description>
        <disclaimer>Polish TV</disclaimer>
        <disclaimer lang="pl">Polska telewizja</disclaimer>
        <platform>all</platform>
        <language>en pl</language>
        <website>http://wizja.tv/</website>
    </extension>
</addon>
