<?xml version="1.0" encoding="UTF-8"?>
    <addon id="repository.GenTec" name="[COLOR red]Gen[/COLOR][COLOR white]Tec Repo[/COLOR][COLOR blue]sitory[/COLOR]" version="1.2.5" provider-name="Thunder">
        <requires>
            <import addon="xbmc.addon" version="12.0.0"/>
        </requires>
	<extension point="xbmc.addon.repository" name="GenTec">
	<dir>
		<info compressed="false">https://raw.githubusercontent.com/gentec1/oTTtv/master/addons.xml</info>
        <checksum>https://raw.githubusercontent.com/gentec1/oTTtv/master/addons.xml.md5</checksum>
        <datadir zip="true">https://raw.github.com/gentec1/oTTtv/master/</datadir>
	</dir>
	<dir>
		<info compressed="false">https://github.com/tvaddonsco/tva-resolvers-repo/raw/master/addons.xml</info>
		<checksum>https://github.com/tvaddonsco/tva-resolvers-repo/raw/master/addons.xml.md5</checksum>
		<datadir zip="true">https://github.com/tvaddonsco/tva-resolvers-repo/raw/master/zips/</datadir>
	</dir>
	<dir>
			<info compressed="false">https://raw.githubusercontent.com/jsergio123/zips/master/addons.xml</info>
			<checksum>https://raw.githubusercontent.com/jsergio123/zips/master/addons.xml.md5</checksum>
			<datadir zip="true">https://raw.githubusercontent.com/jsergio123/zips/master/</datadir>
    </dir>
	<dir>
			<info compressed="false">https://raw.githubusercontent.com/totalrevolution/python-koding/master/zips/addons.xml</info>
			<checksum>https://raw.githubusercontent.com/totalrevolution/python-koding/master/zips/addons.xml.md5</checksum>
			<datadir zip="true">https://raw.githubusercontent.com/totalrevolution/python-koding/master/zips/</datadir>
    </dir>
	<dir>
			<info compressed="false">https://gitlab.com/TeamUniversal/modules4all/raw/master/addons.xml</info>
			<checksum>https://gitlab.com/TeamUniversal/modules4all/raw/master/addons.xml.md5</checksum>
			<datadir zip="true">https://gitlab.com/TeamUniversal/modules4all/raw/master/</datadir>
	</dir>
	<dir>
		<info compressed="false">http://gen-tec.co/gentecwiz/NEW%20REPO%20FOR%20GENTEC%20WIZARD/Repo/addons.xml</info>
		<checksum>http://gen-tec.co/gentecwiz/NEW%20REPO%20FOR%20GENTEC%20WIZARD/Repo/addons.xml.md5</checksum>
		<datadir zip="true">http://gen-tec.co/gentecwiz/NEW%20REPO%20FOR%20GENTEC%20WIZARD/Repo/</datadir>
	</dir>	
	</extension>
	<extension point="xbmc.addon.metadata">
		<summary>GenTec Repo</summary>
		<description>Download and install addons GenTec Builds</description>
		<platform>all</platform>
	</extension>
</addon>

