<?xml version="1.0" encoding="utf-8"?>
<window>
	<coordinates>
		<system>1</system><posx>0</posx><posy>0</posy>
	</coordinates>
	<controls>
		<control type="image">
			<posx>10000</posx>
			<texture>default.png</texture>
		</control>
		<control type="image">
			<posx>10000</posx>
			<texture>default-przypomnienie.png</texture>
		</control>
		<control type="image">
			<posx>10000</posx>
			<texture>default-nagrywanie.png</texture>
		</control>
		<control type="image">
			<posx>10000</posx>
			<texture>seledynowy.png</texture>
		</control>
		<control type="image">
			<posx>10000</posx>
			<texture>niebieski.png</texture>
		</control>
		<control type="image">
			<posx>10000</posx>
			<texture>zielony.png</texture>
		</control>
		<control type="image">
			<posx>10000</posx>
			<texture>purpurowy.png</texture>
		</control>
		<control type="image">
			<posx>10000</posx>
			<texture>czerwony.png</texture>
		</control>
		<control type="image">
			<posx>10000</posx>
			<texture>zolty.png</texture>
		</control>
		<control type="image">
			<posx>10000</posx>
			<texture>czarny.png</texture>
		</control>
		<control type="image">
			<posx>10000</posx>
			<texture>fioletowy.png</texture>
		</control>
		<control type="image">
			<posx>10000</posx>
			<texture>pomaranczowy.png</texture>
		</control>
		<control type="image">
			<posx>10000</posx>
			<texture>dark.png</texture>
		</control>
		<control type="image">
			<posx>10000</posx>
			<texture>default-focus.png</texture>
		</control>
		<control type="image">
			<posx>10000</posx>
			<texture>default-select.png</texture>
		</control>
		<control type="image">
			<posx>10000</posx>
			<texture>live.png</texture>
		</control>
		<control type="image">
			<posx>10000</posx>
			<texture>czerwony_pelny.png</texture>
		</control>
		<control type="image">
			<posx>10000</posx>
			<texture>niebieski_pelny.png</texture>
		</control>
		<control type="image">
			<posx>10000</posx>
			<texture>pomarancz_pelny.png</texture>
		</control>		<control type="image">
			<posx>10000</posx>
			<texture>kolorowy.png</texture>
		</control>
		<control type="image">
			<posx>10000</posx>
			<texture>kolorowyciemny.png</texture>
		</control>
		<control type="image">
			<posx>10000</posx>
			<texture>srebrnoszary.png</texture>
		</control>
				
		<!-- Background -->
		<control type="image" id="4600">
			<posx>0</posx>
			<posy>0</posy>
			<width>1280</width>
			<height>720</height>
			<texture>../../Default/media/tvguide-background-default.jpg</texture>
			<!--<colordiffuse>77FFFFFF</colordiffuse>-->
			<visible>!Control.IsVisible(5000)</visible>
		</control>
		<control type="image">
			<posx>0</posx>
			<posy>0</posy>
			<width>1280</width>
			<height>720</height>
			<texture>../../Default/media/tvguide-background.png</texture>
			<visible>!Control.IsVisible(5000)</visible>
		</control>
		
		<control type="videowindow">
			<posx>0</posx>
			<posy>0</posy>
			<width>1280</width>
			<height>720</height>
			<animation type="Conditional" condition="!Control.IsVisible(5000)">
				<effect type="zoom" end="25" center="1250,690" time="500"/>
			</animation>
		</control>

		<control type="label" id="5000">
			<description>visibility marker for TV Guide group</description>
		</control>
		<control type="group">
			<description>TV Guide group</description>
			<posx>0</posx>
			<posy>0</posy>
			<width>1280</width>
			<height>720</height>
			<visible>!Control.IsVisible(5000)</visible>

			<control type="button" id="5001">
				<description>marker for EPG data view - should be hidden!</description>
				<posx>185</posx>
				<posy>62</posy>
				<width>1080</width>
				<height>452</height>
				<visible>false</visible>
			</control>

			<!-- Date and time row -->
			<control type="group">
				<posx>0</posx>
				<posy>10</posy>
				<width>1280</width>
				<height>50</height>
				<visible>!Control.IsVisible(5000)</visible>

				<control type="label" id="4000">
					<visible>false</visible>
				</control>
				<control type="label">
					<description>Displays todays date</description>
					<posx>0</posx>
					<posy>0</posy>
					<width>180</width>
					<height>49</height>
					<textcolor>fff0efef</textcolor>
					<shadowcolor>-</shadowcolor>
					<font>font12_title</font>
					<label>$INFO[System.Date(DDD)], $INFO[System.Date(d)]/$INFO[System.Date(m)]</label>
					<align>center</align>
					<aligny>center</aligny>
				</control>
				<control type="label" id="4001">
					<description>1st half hour column</description>
					<posx>190</posx>
					<posy>0</posy>
					<width>270</width>
					<height>49</height>
					<textcolor>fff0efef</textcolor>
					<shadowcolor>-</shadowcolor>
					<font>font12_title</font>
					<aligny>center</aligny>
				</control>
				<control type="label" id="4002">
					<description>2nd half hour column</description>
					<posx>465</posx>
					<posy>0</posy>
					<width>270</width>
					<height>49</height>
					<textcolor>fff0efef</textcolor>
					<shadowcolor>-</shadowcolor>
					<font>font12_title</font>
					<aligny>center</aligny>
				</control>
				<control type="label" id="4003">
					<description>3rd half hour column</description>
					<posx>740</posx>
					<posy>0</posy>
					<width>270</width>
					<height>49</height>
					<textcolor>fff0efef</textcolor>
					<shadowcolor>-</shadowcolor>
					<font>font12_title</font>
					<aligny>center</aligny>
				</control>
				<control type="label" id="4004">
					<description>4th half hour column</description>
					<posx>1015</posx>
					<posy>0</posy>
					<width>270</width>
					<height>49</height>
					<textcolor>fff0efef</textcolor>
					<shadowcolor>-</shadowcolor>
					<font>font12_title</font>
					<aligny>center</aligny>
				</control>

				<control type="label" id="4999">
					<description>Time</description>
					<posx>1250</posx>
					<posy>0</posy>
					<width>270</width>
					<height>49</height>
					<align>right</align>
					<aligny>center</aligny>
					<textcolor>fff0efef</textcolor>
					<shadowcolor>-</shadowcolor>
					<font>font30_title</font>
					<label>$INFO[System.Time]</label>
				</control>
			</control>

			<!-- Channels column -->
			<control type="group">
				<posx>0</posx>
				<posy>0</posy>
				<width>1280</width>
				<height>720</height>
				<visible>!Control.IsVisible(5000)</visible>

				<!-- text labels -->
				<control type="label" id="4010">
					<description>1st channel</description>
					<posx>53</posx>
					<posy>60</posy>
					<width>100</width>
					<height>37</height>
					<textcolor>fff0efef</textcolor>
					<font>font11</font>
					<align>center</align>
					<aligny>center</aligny>
					<visible>String.IsEqual(Control.GetLabel(4110),)</visible>
				</control>
				<control type="label" id="4011">
					<description>2nd channel</description>
					<posx>53</posx>
					<posy>101</posy>
					<width>100</width>
					<height>37</height>
					<textcolor>fff0efef</textcolor>
					<font>font13</font>
					<align>center</align>
					<aligny>center</aligny>
					<visible>String.IsEqual(Control.GetLabel(4111),)</visible>
				</control>
				<control type="label" id="4012">
					<description>3rd channel</description>
					<posx>53</posx>
					<posy>142</posy>
					<width>100</width>
					<height>37</height>
					<textcolor>fff0efef</textcolor>
					<font>font13</font>
					<align>center</align>
					<aligny>center</aligny>
					<visible>String.IsEqual(Control.GetLabel(4112),)</visible>
				</control>
				<control type="label" id="4013">
					<description>4th channel</description>
					<posx>53</posx>
					<posy>183</posy>
					<width>100</width>
					<height>37</height>
					<textcolor>fff0efef</textcolor>
					<font>font13</font>
					<align>center</align>
					<aligny>center</aligny>
					<visible>String.IsEqual(Control.GetLabel(4113),)</visible>
				</control>
				<control type="label" id="4014">
					<description>5th channel</description>
					<posx>53</posx>
					<posy>224</posy>
					<width>100</width>
					<height>37</height>
					<textcolor>fff0efef</textcolor>
					<font>font13</font>
					<align>center</align>
					<aligny>center</aligny>
					<visible>String.IsEqual(Control.GetLabel(4114),)</visible>
				</control>
				<control type="label" id="4015">
					<description>6th channel</description>
					<posx>53</posx>
					<posy>265</posy>
					<width>100</width>
					<height>37</height>
					<textcolor>fff0efef</textcolor>
					<font>font13</font>
					<align>center</align>
					<aligny>center</aligny>
					<visible>String.IsEqual(Control.GetLabel(4115),)</visible>
				</control>
				<control type="label" id="4016">
					<description>7th channel</description>
					<posx>53</posx>
					<posy>306</posy>
					<width>100</width>
					<height>37</height>
					<textcolor>fff0efef</textcolor>
					<font>font13</font>
					<align>center</align>
					<aligny>center</aligny>
					<visible>String.IsEqual(Control.GetLabel(4116),)</visible>
				</control>
				<control type="label" id="4017">
					<description>8th channel</description>
					<posx>53</posx>
					<posy>347</posy>
					<width>100</width>
					<height>37</height>
					<textcolor>fff0efef</textcolor>
					<font>font13</font>
					<align>center</align>
					<aligny>center</aligny>
					<visible>String.IsEqual(Control.GetLabel(4117),)</visible>
				</control>
				<control type="label" id="4018">
					<description>9th channel</description>
					<posx>53</posx>
					<posy>388</posy>
					<width>100</width>
					<height>37</height>
					<textcolor>fff0efef</textcolor>
					<font>font13</font>
					<align>center</align>
					<aligny>center</aligny>
					<visible>String.IsEqual(Control.GetLabel(4118),)</visible>
				</control>
				<control type="label" id="4019">
					<description>10th channel</description>
					<posx>53</posx>
					<posy>429</posy>
					<width>100</width>
					<height>37</height>
					<textcolor>fff0efef</textcolor>
					<font>font13</font>
					<align>center</align>
					<aligny>center</aligny>
					<visible>String.IsEqual(Control.GetLabel(4119),)</visible>
				</control>
				<control type="label" id="4020">
					<description>11th channel</description>
					<posx>53</posx>
					<posy>470</posy>
					<width>100</width>
					<height>37</height>
					<textcolor>fff0efef</textcolor>
					<font>font13</font>
					<align>center</align>
					<aligny>center</aligny>
					<visible>String.IsEqual(Control.GetLabel(4120),)</visible>
				</control>
				<!-- logo images -->
				<control type="image" id="4110">
					<description>1st channel</description>
					<posx>53</posx>
					<posy>60</posy>
					<width>100</width>
					<height>37</height>
					<aspectratio>keep</aspectratio>
					<visible>!String.IsEqual(Control.GetLabel(4110),)</visible>
				</control>
				<control type="image" id="4111">
					<description>2nd channel</description>
					<posx>53</posx>
					<posy>101</posy>
					<width>100</width>
					<height>37</height>
					<aspectratio>keep</aspectratio>
					<visible>!String.IsEqual(Control.GetLabel(4111),)</visible>
				</control>
				<control type="image" id="4112">
					<description>3rd channel</description>
					<posx>53</posx>
					<posy>142</posy>
					<width>100</width>
					<height>37</height>
					<aspectratio>keep</aspectratio>
					<visible>!String.IsEqual(Control.GetLabel(4112),)</visible>
				</control>
				<control type="image" id="4113">
					<description>4th channel</description>
					<posx>53</posx>
					<posy>183</posy>
					<width>100</width>
					<height>37</height>
					<aspectratio>keep</aspectratio>
					<visible>!String.IsEqual(Control.GetLabel(4113),)</visible>
				</control>
				<control type="image" id="4114">
					<description>5th channel</description>
					<posx>53</posx>
					<posy>224</posy>
					<width>100</width>
					<height>37</height>
					<aspectratio>keep</aspectratio>
					<visible>!String.IsEqual(Control.GetLabel(4114),)</visible>
				</control>
				<control type="image" id="4115">
					<description>6th channel</description>
					<posx>53</posx>
					<posy>265</posy>
					<width>100</width>
					<height>37</height>
					<aspectratio>keep</aspectratio>
					<visible>!String.IsEqual(Control.GetLabel(4115),)</visible>
				</control>
				<control type="image" id="4116">
					<description>7th channel</description>
					<posx>53</posx>
					<posy>306</posy>
					<width>100</width>
					<height>37</height>
					<aspectratio>keep</aspectratio>
					<visible>!String.IsEqual(Control.GetLabel(4116),)</visible>
				</control>
				<control type="image" id="4117">
					<description>8th channel</description>
					<posx>53</posx>
					<posy>347</posy>
					<width>100</width>
					<height>37</height>
					<aspectratio>keep</aspectratio>
					<visible>!String.IsEqual(Control.GetLabel(4117),)</visible>
				</control>
				<control type="image" id="4118">
					<description>9th channel</description>
					<posx>53</posx>
					<posy>388</posy>
					<width>100</width>
					<height>37</height>
					<aspectratio>keep</aspectratio>
					<visible>!String.IsEqual(Control.GetLabel(4118),)</visible>
				</control>
				<control type="image" id="4119">
					<description>10th channel</description>
					<posx>53</posx>
					<posy>429</posy>
					<width>100</width>
					<height>37</height>
					<aspectratio>keep</aspectratio>
					<visible>!String.IsEqual(Control.GetLabel(4119),)</visible>
				</control>
				<control type="image" id="4120">
					<description>11th channel</description>
					<posx>53</posx>
					<posy>470</posy>
					<width>100</width>
					<height>37</height>
					<aspectratio>keep</aspectratio>
					<visible>!String.IsEqual(Control.GetLabel(4120),)</visible>
				</control>
								<!-- logo buttons -->
				<control type="button" id="9010">
					<description>1st channel</description>
					<posx>13</posx>
					<posy>60</posy>
					<width>172</width>
					<height>40</height>
					<texturefocus colordiffuse="30000000">tvguide-program-grey-focus_logo.png</texturefocus>
					<texturenofocus>tvguide-program-grey_logo.png</texturenofocus>
				</control>
				<control type="button" id="9011">
					<description>2nd channel</description>
					<posx>13</posx>
					<posy>101</posy>
					<width>172</width>
					<height>40</height>
					<texturefocus colordiffuse="30000000">tvguide-program-grey-focus_logo.png</texturefocus>
					<texturenofocus>tvguide-program-grey_logo.png</texturenofocus>
				</control>
				<control type="button" id="9012">
					<description>3rd channel</description>
					<posx>13</posx>
					<posy>142</posy>
					<width>172</width>
					<height>40</height>
					<texturefocus colordiffuse="30000000">tvguide-program-grey-focus_logo.png</texturefocus>
					<texturenofocus>tvguide-program-grey_logo.png</texturenofocus>
				</control>
				<control type="button" id="9013">
					<description>4th channel</description>
					<posx>13</posx>
					<posy>183</posy>
					<width>172</width>
					<height>40</height>
					<texturefocus colordiffuse="30000000">tvguide-program-grey-focus_logo.png</texturefocus>
					<texturenofocus>tvguide-program-grey_logo.png</texturenofocus>
				</control>
				<control type="button" id="9014">
					<description>5th channel</description>
					<posx>13</posx>
					<posy>224</posy>
					<width>172</width>
					<height>40</height>
					<texturefocus colordiffuse="30000000">tvguide-program-grey-focus_logo.png</texturefocus>
					<texturenofocus>tvguide-program-grey_logo.png</texturenofocus>
				</control>
				<control type="button" id="9015">
					<description>6th channel</description>
					<posx>13</posx>
					<posy>265</posy>
					<width>172</width>
					<height>40</height>
					<texturefocus colordiffuse="30000000">tvguide-program-grey-focus_logo.png</texturefocus>
					<texturenofocus>tvguide-program-grey_logo.png</texturenofocus>
				</control>
				<control type="button" id="9016">
					<description>7th channel</description>
					<posx>13</posx>
					<posy>306</posy>
					<width>172</width>
					<height>40</height>
					<texturefocus colordiffuse="30000000">tvguide-program-grey-focus_logo.png</texturefocus>
					<texturenofocus>tvguide-program-grey_logo.png</texturenofocus>
				</control>
				<control type="button" id="9017">
					<description>8th channel</description>
					<posx>13</posx>
					<posy>347</posy>
					<width>172</width>
					<height>40</height>
					<texturefocus colordiffuse="30000000">tvguide-program-grey-focus_logo.png</texturefocus>
					<texturenofocus>tvguide-program-grey_logo.png</texturenofocus>
				</control>
				<control type="button" id="9018">
					<description>9th channel</description>
					<posx>13</posx>
					<posy>388</posy>
					<width>172</width>
					<height>40</height>
					<texturefocus colordiffuse="30000000">tvguide-program-grey-focus_logo.png</texturefocus>
					<texturenofocus>tvguide-program-grey_logo.png</texturenofocus>
				</control>
				<control type="button" id="9019">
					<description>10th channel</description>
					<posx>13</posx>
					<posy>429</posy>
					<width>172</width>
					<height>40</height>
					<texturefocus colordiffuse="30000000">tvguide-program-grey-focus_logo.png</texturefocus>
					<texturenofocus>tvguide-program-grey_logo.png</texturenofocus>
				</control>
				<control type="button" id="9020">
					<description>11th channel</description>
					<posx>13</posx>
					<posy>470</posy>
					<width>172</width>
					<height>40</height>
					<texturefocus colordiffuse="30000000">tvguide-program-grey-focus_logo.png</texturefocus>
					<texturenofocus>tvguide-program-grey_logo.png</texturenofocus>
				</control>
			</control>

			<control type="label" id="4920">
				<description>Program title</description>
				<posx>120</posx>
				<posy>506</posy>
				<width>468</width>
				<height>50</height>
				<textcolor>fff0efef</textcolor>
				<shadowcolor>-</shadowcolor>
				<font>font12_title</font>
				<aligny>center</aligny>
			</control>
			<control type="image" id="4924">
				<description>Channel logo</description>
				<posx>27</posx>
				<posy>519</posy>
				<width>80</width>
				<height>24</height>
				<aspectratio>keep</aspectratio>
				<fadetime>100</fadetime>
				<visible>!Control.IsVisible(5000)</visible>
			</control>

			<control type="image" id="4944">
				<description>Live</description>
				<posx>600</posx>
				<posy>523</posy>
				<width>80</width>
				<height>18</height>
				<aspectratio>keep</aspectratio>
				<fadetime>100</fadetime>
				<visible>!Control.IsVisible(5000)</visible>
			</control>
			<control type="label" id="4921">
				<description>Program time</description>
				<posx>920</posx>
				<posy>506</posy>
				<width>340</width>
				<height>50</height>
				<textcolor>fff0efef</textcolor>
				<shadowcolor>-</shadowcolor>
				<font>font12_title</font>
				<align>right</align>
				<aligny>center</aligny>
			</control>
			<control type="textbox" id="4922">
				<description>Program description</description>
				<posx>40</posx>
				<posy>558</posy>
				<width>870</width>
				<height>123</height>
				<textcolor>fff0efef</textcolor>
				<shadowcolor>-</shadowcolor>
				<font>font12</font>
				<wrapmultiline>true</wrapmultiline>
				<autoscroll time="3500" delay="4500" repeat="10000">true</autoscroll>
			</control>
			<control type="image" id="4923">
				<description>Program logo / Source logo</description>
				<posx>940</posx>
				<posy>520</posy>
				<width>320</width>
				<height>180</height>
				<aspectratio>keep</aspectratio>
				<fadetime>100</fadetime>
				<texture>../../Default/media/tvguide-logo-epg.png</texture>
				<visible>!Player.Playing</visible>
			</control>
			<control type="label">
				<description>Time label</description>
				<posx>1145</posx>
				<posy>595</posy>
				<width>200</width>
				<height>30</height>
				<align>right</align>
				<aligny>center</aligny>
				<textcolor>ffe34555</textcolor>
				<shadowcolor>-</shadowcolor>
				<font>font12_title</font>
				<label>$INFO[System.Time]</label>
				<visible>false</visible>
			</control>

			<control type="image" id="4100">
				<posx>180</posx>
				<posy>59</posy>
				<width>2</width>
				<height>453</height>	
				<texture>../../Default/media/tvguide-timebar.png</texture>
			</control>

				<control type="label" id="4199">
					<description>Visibility marker for loading background</description>
				</control>

				<control type="label" id="4200">
					<description>Visibility marker for loading group</description>
				</control>
			
				<control type="group">
				   <posx>0</posx>
				   <posy>0</posy>
				   <width>1280</width>
				   <height>720</height>
				   
				<!-- Background screen -->
				<control type="image">
					<description>Splash</description>
					<posx>0</posx>
					<posy>0</posy>
					<width>1280</width>
					<height>720</height>
					<texture>../../Default/media/tvguide-background-default.jpg</texture>
					<visible>!Control.IsVisible(4200) | Control.IsVisible(4199)</visible>
					<animation start="0" end="100" delay="100" time="200" effect="fade">Visible</animation>
				</control>
				
				<!-- Loading screen -->
				<control type="image">
					<description>Splash</description>
					<posx>0</posx>
					<posy>0</posy>
					<width>1280</width>
					<height>720</height>
					<texture>../../Default/media/tvguide-background-default.jpg</texture>
					<visible>Control.IsVisible(4199)</visible>
				</control>
				
				<control type="image">
					<description>Splash</description>
					<posx>0</posx>
					<posy>0</posy>
					<width>1280</width>
					<height>720</height>
					<texture>../../Default/media/tvguide-background-default.jpg</texture>
					<visible>!Control.IsVisible(4200)</visible>
					<animation start="0" end="100" delay="500" effect="fade">Visible</animation>
				</control>
				
				<!-- Logo -->	
				<control type="image">
					<description>Logo</description>
					<posx>512</posx>
					<posy>232</posy>
					<width>256</width>
					<height>256</height>
					<texture>../../Default/media/loading.png</texture>
					<visible>false</visible>
					<animation start="0" end="100" delay="500" time="200" effect="fade">Visible</animation>
				</control>
				
				<!-- Progress -->
				<control type="label">
					<description>Loading splash</description>
					<posx>0%</posx>
					<posy>40%</posy>
					<width>1280</width>
					<height>720</height>
					<label>$ADDON[script.mtvguide 30001]</label>
					<font>font12_title</font>
					<textcolor>fff9fbfc</textcolor>
					<shadowcolor>ff323233</shadowcolor>
					<align>center</align>
					<aligny>center</aligny>
					<visible>!Control.IsVisible(4200)</visible>
					<animation start="0" end="100" delay="500" time="200" effect="fade">Visible</animation>
				</control>
				
				<control type="label" id="4202">
					<description>Loading time left</description>
					<posx>0%</posx>
					<posy>45%</posy>
					<width>1280</width>
					<height>720</height>
					<label>...</label>
					<font>font12</font>
					<textcolor>fff9fbfc</textcolor>
					<shadowcolor>ff323233</shadowcolor>
					<align>center</align>
					<aligny>center</aligny>
					<visible>!Control.IsVisible(4200)</visible>
					<animation start="0" end="100" delay="500" time="200" effect="fade">Visible</animation>
				</control>
				
				<control type="progress" id="4201">
					<visible>false</visible>
				</control>
				
				<!-- Spinner -->
				<control type="image">
					<description>Spinner</description>
					<posx>610</posx>
					<top>560</top>
					<width>60</width>
					<height>60</height>
					<aspectratio>keep</aspectratio>
					<texture colordiffuse="ffd8dddf">../../Default/media/dialogs/spinner_bg.png</texture>
					<visible>!Control.IsVisible(4200)</visible>
					<animation start="0" end="100" delay="500" time="200" effect="fade">Visible</animation>
				</control>
				
				<control type="image">
					<description>Spinner</description>
					<posx>610</posx>
					<top>560</top>
					<width>60</width>
					<height>60</height>
					<aspectratio>keep</aspectratio>
					<animation effect="rotate" end="-360" center="auto" time="1000" delay="0" loop="true" reversible="false" condition="true">Conditional</animation>
					<texture colordiffuse="ffba1100">../../Default/media/dialogs/spinner.png</texture>
					<visible>!Control.IsVisible(4200)</visible>
					<animation start="0" end="100" delay="500" time="200" effect="fade">Visible</animation>
				</control>
				
				<!-- Cancel -->
				<control type="button" id="4203">
					<description>Cancel</description>
					<posx>28</posx>
					<posy>26</posy>
					<width>64</width>
					<height>64</height>
					<texturefocus colordiffuse="ffe34555">../../Default/media/buttons/cancelFO.png</texturefocus>
					<texturenofocus>../../Default/media/buttons/cancelFO.png</texturenofocus>
					<visible>!Control.IsVisible(4200)</visible>
					<animation start="0" end="100" delay="500" time="200" effect="fade">Visible</animation>
				</control>
			</control>

			<control type="label" id="4300">
				<description>Visibility marker for mouse control group</description>
				<posx>0</posx>
				<posy>0</posy>
				<width>30</width>
				<height>30</height>
			</control>
			<control type="group">
				<posx>0</posx>
				<posy>720</posy>
				<width>1280</width>
				<height>36</height>
				<visible>!Control.IsVisible(4300)</visible>
				<animation effect="slide" start="0,0" end="0,-36" time="400">Visible</animation>
				<animation effect="slide" start="0,-36" end="0,0" time="500">Hidden</animation>
				<control type="image">
					<posx>0</posx>
					<posy>0</posy>
					<width>1280</width>
					<height>36</height>
					<texture>tvguide-glasspane.png</texture>
				</control>
				<control type="button" id="4301">
					<description>Navigate to now</description>
					<posx>20</posx>
					<posy>5</posy>
					<width>150</width>
					<height>25</height>
					<label>$ADDON[script.mtvguide 30006]</label>
					<textcolor>white</textcolor>
					<font>font10_title</font>
					<aligny>center</aligny>
					<align>center</align>
					<texturefocus>tvguide-program-grey-focus.png</texturefocus>
					<texturenofocus>tvguide-program-grey.png</texturenofocus>
				</control>
				<control type="button" id="4302">
					<description>Navigate left</description>
					<posx>170</posx>
					<posy>5</posy>
					<width>150</width>
					<height>25</height>
					<textcolor>white</textcolor>
					<font>font12_title</font>
					<label>&lt;</label>
					<aligny>center</aligny>
					<align>center</align>
					<texturefocus>tvguide-program-grey-focus.png</texturefocus>
					<texturenofocus>tvguide-program-grey.png</texturenofocus>
				</control>
				<control type="button" id="4303">
					<description>Navigate up</description>
					<posx>320</posx>
					<posy>5</posy>
					<width>150</width>
					<height>25</height>
					<textcolor>white</textcolor>
					<font>font22_title</font>
					<label>^</label>
					<aligny>center</aligny>
					<align>center</align>
					<texturefocus>tvguide-program-grey-focus.png</texturefocus>
					<texturenofocus>tvguide-program-grey.png</texturenofocus>
				</control>
				<control type="button" id="4304">
					<description>Navigate down</description>
					<posx>490</posx>
					<posy>5</posy>
					<width>150</width>
					<height>25</height>
					<textcolor>white</textcolor>
					<font>font12_title</font>
					<label>v</label>
					<aligny>center</aligny>
					<align>center</align>
					<texturefocus>tvguide-program-grey-focus.png</texturefocus>
					<texturenofocus>tvguide-program-grey.png</texturenofocus>
				</control>
				<control type="button" id="4305">
					<description>Navigate right</description>
					<posx>660</posx>
					<posy>5</posy>
					<width>150</width>
					<height>25</height>
					<textcolor>white</textcolor>
					<font>font12_title</font>
					<label>&gt;</label>
					<aligny>center</aligny>
					<align>center</align>
					<texturefocus>tvguide-program-grey-focus.png</texturefocus>
					<texturenofocus>tvguide-program-grey.png</texturenofocus>
				</control>
				<control type="button" id="4311">
					<description>Settings</description>
					<posx>1050</posx>
					<posy>5</posy>
					<width>150</width>
					<height>25</height>
					<font>font10_title</font>
					<label>$LOCALIZE[10140]</label>
					<aligny>center</aligny>
					<align>center</align>
					<texturefocus>tvguide-program-grey-focus.png</texturefocus>
					<texturenofocus>tvguide-program-grey.png</texturenofocus>
				</control>
				<control type="button" id="4306">
					<description>Exit</description>
					<posx>1220</posx>
					<posy>5</posy>
					<width>50</width>
					<height>25</height>
					<textcolor>white</textcolor>
					<font>font12_title</font>
					<label>x</label>
					<aligny>center</aligny>
					<align>center</align>
					<texturefocus>tvguide-program-grey-focus.png</texturefocus>
					<texturenofocus>tvguide-program-grey.png</texturenofocus>
				</control>
			</control>
		</control>
		
		<control type="label" id="6000">
			<description>Visibility marker for OSD Info bar</description>
		</control>
		<control type="group">
			<description>OSD Info bar</description>
			<posx>0</posx>
			<posy>500</posy>
			<width>1280</width>
			<height>220</height>
			<visible>!Control.IsVisible(6000)</visible>
			<animation effect="fade" start="0" end="100" time="500">VisibleChange</animation>

			<control type="image">
				<posx>0</posx>
				<posy>0</posy>
				<width>1280</width>
				<height>220</height>
				<texture>tvguide-glasspane.png</texture>
			</control>

			<!-- Program description -->
			<control type="label" id="6001">
				<description>Program title</description>
				<posx>30</posx>
				<posy>10</posy>
				<width>850</width>
				<height>50</height>
				<label>[B]Title[/B]</label>
				<textcolor>fff0efef</textcolor>
				<font>font13</font>
				<aligny>center</aligny>
			</control>
			<control type="label" id="6002">
				<description>Program time</description>
				<posx>1230</posx>
				<posy>10</posy>
				<width>240</width>
				<height>50</height>
				<label>[B]18:00 - 20:00[/B]</label>
				<textcolor>fff0efef</textcolor>
				<font>font13</font>
				<align>right</align>
				<aligny>center</aligny>
			</control>
			<control type="textbox" id="6003">
				<description>Program description</description>
				<posx>30</posx>
				<posy>50</posy>
				<width>1230</width>
				<height>149</height>
				<label>Description</label>
				<textcolor>fff0efef</textcolor>
				<font>font13</font>
				<wrapmultiline>true</wrapmultiline>
				<autoscroll time="3600" delay="6000" repeat="6000">true</autoscroll>
			</control>
			<control type="image" id="6004">
				<description>Program channel logo</description>
				<posx>1100</posx>
				<posy>155</posy>
				<width>160</width>
				<height>45</height>
				<aspectratio>keep</aspectratio>
			</control>
			<control type="label" id="6005">
				<description>Program channel text</description>
				<posx>110</posx>
				<posy>155</posy>
				<width>160</width>
				<height>45</height>
				<textcolor>fff0efef</textcolor>
				<font>font13</font>
				<align>center</align>
				<visible>String.IsEqual(Control.GetLabel(6004),)</visible>
			</control>
		</control>
	</controls>
</window>