<?xml version="1.0" encoding="utf-8"?>
<window>
	<zorder>1</zorder>
	<aspectratio>scale</aspectratio>
	<defaultcontrol always="true">1000</defaultcontrol>
	<allowoverlay>no</allowoverlay>
	<coordinates>
		<system>1</system><posx>0</posx><posy>0</posy>
	</coordinates>
	<animation effect="fade" time="200">WindowOpen</animation>
	<animation effect="fade" time="200">WindowClose</animation>
		<controls>
		<control type="button" id="1000">
			<description>Close Window button</description>
			<top>11</top>
			<left>auto</left>
			<width>48</width>
			<height>48</height>
			<label>-</label>
			<font>-</font>
			<onclick>Dialog.Close(VideoOSD,true)</onclick>
			<onclick>FullScreen</onclick>
			<texturefocus>-</texturefocus>
			<texturenofocus>-</texturenofocus>
			<onleft>1000</onleft>
			<onright>1000</onright>
			<onup>100</onup>
			<ondown>100</ondown>
			<animation effect="slide" end="-70,0" time="0" condition="true">Conditional</animation>
			<visible>false</visible>
		</control>
			
		<!-- !LiveTV -->
		<control type="group" id="100">
			<posx>0</posx>
			<posy>0</posy>
			<visible>true</visible>
		
		<control type="image">
			<top>518</top>
			<left>11</left>
			<width>1256</width>
			<height>196</height>
			<texture border="40" colordiffuse="c1ffffff">../../Default/media/dialogs/bg.png</texture>
		</control>
		
		<control type="image">
			<top>582</top>
			<left>-40</left>
			<width>1086</width>
			<height>10</height>
			<texture colordiffuse="">../../Default/media/dialogs/separator.png</texture>
		</control>
		<control type="image">
			<top>676</top>
			<left>-40</left>
			<width>1303</width>
			<height>10</height>
			<texture colordiffuse="">../../Default/media/dialogs/separator.png</texture>
		</control>
		
		<control type="grouplist">
			<left>153</left>
			<posy>596</posy>
			<width>1280</width>
			<height>720</height>
			<itemgap>13</itemgap>
			<orientation>horizontal</orientation>
			<aligny>center</aligny>
			
		<control type="label" id="4921">
			<description>Program time</description>
			<left>0</left>
			<top>0</top>
			<width min="20" max="350">auto</width>
			<height>25</height>
			<font>font12</font>
			<textcolor>fff0efef</textcolor>
			<shadowcolor>ff292a29</shadowcolor>
			<align>left</align>
		</control>	
		<control type="label" id="4920">
			<description>Program title</description>
			<left>0</left>
			<top>0</top>
			<width min="20" max="376">auto</width>
			<height>25</height>
			<font>font12</font>
			<textcolor>fff0efef</textcolor>
			<shadowcolor>ff292a29</shadowcolor>
			<align>left</align>
			<visible>true</visible>
		</control>
	</control>
	
		<control type="image">
			<left>1070</left>
			<top>15</top>
			<width>200</width>
			<height>80</height>
			<texture border="40" colordiffuse="c1ffffff">../../Default/media/dialogs/bg.png</texture>
		</control>
		
		<control type="label">
			<left>913</left>
			<top>538</top>
			<width>166</width>
			<height>20</height>
			<align>right</align>
			<font>font13</font>
			<textcolor>FF6db9e5</textcolor>
			<label>$INFO[System.Date(DDD)]</label>
			<visible>false</visible>
		</control>
		
		<control type="label">
			<left>913</left>
			<top>560</top>
			<width>166</width>
			<height>20</height>
			<align>right</align>
			<font>font13</font>
			<textcolor>FF6db9e5</textcolor>
			<label>$INFO[System.Date(dd.mm)]</label>
			<visible>false</visible>
		</control>
		
		<control type="label">
			<left>1080</left>
			<posy>40</posy>
			<width>173</width>
			<height>33</height>
			<align>center</align>
			<font>font16</font>
			<textcolor>fff0efef</textcolor>
			<shadowcolor>ff292a29</shadowcolor>
			<label>$INFO[System.Time(hh:mm xx)]</label>
		</control>
		
		<control type="image" id="4944">
			<description>Live</description>
			<posx>740</posx>
			<top>553</top>
			<width>67</width>
			<height>20</height>
		</control>
		
		<control type="label" id="4919">
		<visible>false</visible>
		</control>

		<control type="label">
			<description>Program channel</description>
			<left>153</left>
			<posy>546</posy>
			<width>566</width>
			<height>33</height>
			<align>left</align>
			<font>font24_title</font>
			<textcolor>ffe34555</textcolor>
			<shadowcolor>e1000000</shadowcolor>
			<label>[UPPERCASE]$INFO[Control.GetLabel(4919)][/UPPERCASE]</label>
		</control>
		
		<control type="image" id="4924">
			<description>Channel logo</description>
			<left>1011</left>
			<top>586</top>
			<width>213</width>
			<height>60</height>
		</control>
		
		<control type="textbox" id="4922">
			<description>Program description</description>
			<left>153</left>
			<top>620</top>
			<width min="20" max="576">auto</width>
			<height>22</height>
			<font>font12</font>
			<align>left</align>
			<textcolor>fff0efef</textcolor>
			<shadowcolor>ff292a29</shadowcolor>
			<autoscroll time="0" delay="0" repeat="0">false</autoscroll>
			<visible>true</visible>
		</control>
		
		<control type="label">
			<description>Now playing</description>
			<left>153</left>
			<top>620</top>
			<width>780</width>
			<height>32</height>
			<font>font12</font>
			<align>left</align>
			<textcolor>ffe34555</textcolor>
			<shadowcolor>e1000000</shadowcolor>
			<label>$ADDON[script.mtvguide 55016]...</label>
			<visible>false</visible>
		</control>
		
		<control type="progress" id="4999">
			<posx>153</posx>
			<posy>652</posy>
			<width>500</width>
			<height>19</height>
			<texturebg border="10">../../Default/media/dialogs/slider-back.png</texturebg>
			<midtexture border="10" colordiffuse="ffe34555">../../Default/media/dialogs/slider-nib.png</midtexture>
		</control>

		
		<control type="image">
			<left>775</left>
			<top>595</top>
			<width>55</width>
			<height>35</height>
			<aspectratio align="center">keep</aspectratio>
			<texture colordiffuse="">$INFO[VideoPlayer.VideoAspect,../../Default/media/flags/aspectratio/,.png]</texture>
		</control>
		
		<control type="image">
			<left>865</left>
			<top>595</top>
			<width>55</width>
			<height>35</height>
			<aspectratio align="center">keep</aspectratio>
			<texture colordiffuse="">$INFO[VideoPlayer.VideoResolution,../../Default/media/flags/resolution/,.png]</texture>
		</control>
		
		<control type="image">
			<left>775</left>
			<top>635</top>
			<width>80</width>
			<height>35</height>
			<aspectratio align="center">keep</aspectratio>
			<texture colordiffuse="">$INFO[VideoPlayer.VideoCodec,../../Default/media/flags/video/,.png]</texture>
		</control>

		<control type="image">
			<left>865</left>
			<top>635</top>
			<width>55</width>
			<height>35</height>
			<aspectratio align="center">keep</aspectratio>
			<texture colordiffuse="">$INFO[VideoPlayer.AudioCodec,../../Default/media/flags/audio/,.png]</texture>
		</control>
		
		<control type="button" id="108">
			<posx>600</posx>
			<top>540</top>
			<width>40</width>
			<height>40</height>
			<texturefocus>../../Default/media/schedulefo.png</texturefocus>
			<texturenofocus>../../Default/media/schedulefo.png</texturenofocus>
		</control>
		<control type="button" id="107">
			<posx>600</posx>
			<top>540</top>
			<width>40</width>
			<height>40</height>
			<texturefocus>../../Default/media/unschedulefo.png</texturefocus>
			<texturenofocus>../../Default/media/unschedulefo.png</texturenofocus>
		</control>
		<control type="button" id="105">
			<posx>600</posx>
			<top>540</top>
			<width>40</width>
			<height>40</height>
			<texturefocus>../../Default/media/playfo.png</texturefocus>
			<texturenofocus>../../Default/media/playbd.png</texturenofocus>
		</control>
		<control type="button" id="101">
			<posx>600</posx>
			<top>540</top>
			<width>40</width>
			<height>40</height>
			<texturefocus>../../Default/media/stopfo.png</texturefocus>
			<texturenofocus>../../Default/media/stopbd.png</texturenofocus>
			<onleft>103</onleft>
			<onright>102</onright>
			<onup>105</onup>
			<ondown>108</ondown>
		</control>
		<control type="button" id="102">
			<posx>640</posx>
			<top>540</top>
			<width>40</width>
			<height>40</height>
			<texturefocus>../../Default/media/infofo.png</texturefocus>
			<texturenofocus>../../Default/media/infobd.png</texturenofocus>
			<onleft>101</onleft>
			<onright>106</onright>
		</control>
		<control type="button" id="106">
			<posx>680</posx>
			<top>540</top>
			<width>40</width>
			<height>40</height>
			<texturefocus>../../Default/media/setupfo.png</texturefocus>
			<texturenofocus>../../Default/media/setupbd.png</texturenofocus>
			<onleft>102</onleft>
			<onright>104</onright>
		</control>
		<control type="button" id="103">
			<posx>520</posx>
			<top>540</top>
			<width>40</width>
			<height>40</height>
			<texturefocus flipx="true">../../Default/media/plusfo.png</texturefocus>
			<texturenofocus flipx="true">../../Default/media/plusbd.png</texturenofocus>
			<onleft>104</onleft>
			<onright>101</onright>
		</control>
		<control type="button" id="104">
			<posx>560</posx>
			<top>540</top>
			<width>40</width>
			<height>40</height>
			<texturefocus>../../Default/media/minusfo.png</texturefocus>
			<texturenofocus>../../Default/media/minusbd.png</texturenofocus>
			<onleft>106</onleft>
			<onright>103</onright>
		</control>
	</control>
</controls>
</window>