<?xml version="1.0" encoding="UTF-8"?>
<addon id="plugin.video.FootballPowtorki"
version="0.1"
name="Powtórki i skróty meczy"
provider-name=":)">
<requires>
  <import addon="xbmc.python" version="2.25.0"/>
  <import addon="script.module.resolveurl" />
  <import addon="script.module.requests"/>
</requires>
<extension point="xbmc.python.pluginsource" library="main.py">
  <provides>video</provides>
</extension>
<extension point="xbmc.addon.metadata">
  <summary lang="en">Football Plugin Wideo</summary>
  <description lang="en_GB">Plugin z Football</description>
  <assets>
    <icon>icon.png</icon>
  </assets>
  <news></news>
</extension>
</addon>